word,reason
Azerbaijan,no_usable_definitions
Bahrain,no_usable_definitions
Cuba,no_usable_definitions
Jordan,no_usable_definitions
Mayotte,no_usable_definitions
Pakistani,no_usable_definitions
Omani,no_usable_definitions
tupo,no_usable_definitions
kunia,no_usable_definitions
akawa,no_usable_definitions
Japani,no_usable_definitions
kutoa,no_usable_definitions
Kolombia,no_usable_definitions
Kroatia,no_usable_definitions
kurai,no_usable_definitions
umo,no_usable_definitions
niwe,no_usable_definitions
kunya,no_usable_definitions
Malesia,no_usable_definitions
Bahama,no_usable_definitions
kuona,no_usable_definitions
vina,no_usable_definitions
kulaani,no_usable_definitions
kulaani,no_usable_definitions
alianza,no_usable_definitions
Maldivi,no_usable_definitions
kulala,no_usable_definitions
kufa,no_usable_definitions
kuua,no_usable_definitions
kuandika,no_usable_definitions
kuendesha,no_usable_definitions
kusaidia,no_usable_definitions
kunywa,no_usable_definitions
kusafiri,no_usable_definitions
kusumbua,no_usable_definitions
tuwe,no_usable_definitions
kuvaa,no_usable_definitions
haina,no_usable_definitions
kooni,no_usable_definitions
kupata,no_usable_definitions
zina,no_usable_definitions
kukinga,no_usable_definitions
nilikwenda,no_usable_definitions
nikanunua,no_usable_definitions
niko,no_usable_definitions
kumea,no_usable_definitions
ilio,no_usable_definitions
kupuna,no_usable_definitions
kukuza,no_usable_definitions
kiko,no_usable_definitions
porini,no_usable_definitions
kujivinjari,no_usable_definitions
kusisimua,no_usable_definitions
kuiga,no_usable_definitions
Ubelgiji,no_usable_definitions
Ugiriki,no_usable_definitions
Ufaransa,no_usable_definitions
Nyuzilandi,no_usable_definitions
Uswidi,no_usable_definitions
Ufini,no_usable_definitions
Moritania,no_usable_definitions
Maldova,no_usable_definitions
Nikaragwa,no_usable_definitions
Peruu,no_usable_definitions
Paragwai,no_usable_definitions
Urugwai,no_usable_definitions
Belarusi,no_usable_definitions
Surinamu,no_usable_definitions
Sirilanka,no_usable_definitions
Korasia,no_usable_definitions
Yordani,no_usable_definitions
Taiwani,no_usable_definitions
kukama,no_usable_definitions
Urusi,no_usable_definitions
kutia,no_usable_definitions
kuzini,no_usable_definitions
kuoa,no_usable_definitions
hamna,no_usable_definitions
kufira,no_usable_definitions
mwituni,no_usable_definitions
Brazili,no_usable_definitions
kusoma,no_usable_definitions
kufanya,no_usable_definitions
kutaka,no_usable_definitions
kuchukia,no_usable_definitions
kuacha,no_usable_definitions
kutapika,no_usable_definitions
tuende,no_usable_definitions
nenda,no_usable_definitions
kwenda,no_usable_definitions
kufaa,no_usable_definitions
kuleta,no_usable_definitions
kununua,no_usable_definitions
Uingereza,no_usable_definitions
kutii,no_usable_definitions
wawe,no_usable_definitions
analia,no_usable_definitions
nile,no_usable_definitions
Donati,no_usable_definitions
kupiga,no_usable_definitions
hospitalini,no_usable_definitions
mlangoni,no_usable_definitions
nyumbani,no_usable_definitions
mezani,no_usable_definitions
ni saa ngapi,unknown_pos
Uholanzi,no_usable_definitions
kulaki,no_usable_definitions
kudakua,no_usable_definitions
kupenda,no_usable_definitions
kichwani,no_usable_definitions
nchini,no_usable_definitions
Wikamusi,no_usable_definitions
lete,no_usable_definitions
Uturuki,no_usable_definitions
kudara,no_usable_definitions
serikalini,no_usable_definitions
barabarani,no_usable_definitions
mgongoni,no_usable_definitions
mvunguni,no_usable_definitions
hotelini,no_usable_definitions
sokoni,no_usable_definitions
kuimba,no_usable_definitions
nyote,unknown_pos
Uswisi,no_usable_definitions
ambaye,unknown_pos
ambao,unknown_pos
ambalo,unknown_pos
ambacho,unknown_pos
ambavyo,unknown_pos
duniani,no_usable_definitions
mwilini,no_usable_definitions
msikitini,no_usable_definitions
Uarabuni,no_usable_definitions
Ufilipino,no_usable_definitions
mkononi,no_usable_definitions
vijijini,no_usable_definitions
kijijini,no_usable_definitions
mikoani,no_usable_definitions
wilayani,no_usable_definitions
mjini,no_usable_definitions
mijini,no_usable_definitions
kusema,no_usable_definitions
kucheza,no_usable_definitions
kulinda,no_usable_definitions
kukita,no_usable_definitions
kupita,no_usable_definitions
kukawa,no_usable_definitions
kulinga,no_usable_definitions
chamani,no_usable_definitions
mpo,no_usable_definitions
Lamu,no_usable_definitions
Udachi,no_usable_definitions
Korea ya Kusini,no_usable_definitions
Korea ya Kaskazini,no_usable_definitions
kufundisha,no_usable_definitions
kujenga,no_usable_definitions
haba na haba hujaza kibaba,unknown_pos
njoo,no_usable_definitions
njooni,no_usable_definitions
njoni,no_usable_definitions
kujua,no_usable_definitions
Afrika ya Mashariki,no_usable_definitions
Afrika ya Magharibi,no_usable_definitions
Afrika ya Kaskazini,no_usable_definitions
kukimbia,no_usable_definitions
Ulaya ya Mashariki,no_usable_definitions
Ulaya ya Magharibi,no_usable_definitions
haraka haraka haina baraka,unknown_pos
kupunguza,no_usable_definitions
kuamka,no_usable_definitions
kupokea,no_usable_definitions
kuogelea,no_usable_definitions
kuangusha,no_usable_definitions
kucheka,no_usable_definitions
kukaa,no_usable_definitions
kuoga,no_usable_definitions
kuingia,no_usable_definitions
ataona,no_usable_definitions
kuzuia,no_usable_definitions
kuchoma,no_usable_definitions
kuchomwa,no_usable_definitions
kuandaliwa,no_usable_definitions
hamnunui,no_usable_definitions
Sahara Magharibi,no_usable_definitions
kushinda,no_usable_definitions
kuvimba,no_usable_definitions
kuzaliwa,no_usable_definitions
kukonda,no_usable_definitions
kusaidiwa,no_usable_definitions
kufagiwa,no_usable_definitions
kufagia,no_usable_definitions
kulipa,no_usable_definitions
kulipia,no_usable_definitions
kuambilika,no_usable_definitions
kuambiwa,no_usable_definitions
kuambizana,no_usable_definitions
kuota,no_usable_definitions
kuchoka,no_usable_definitions
kuchokesha,no_usable_definitions
kutosha,no_usable_definitions
kuwekea,no_usable_definitions
kuwekewa,no_usable_definitions
kuweka,no_usable_definitions
kuwekwa,no_usable_definitions
kuwekana,no_usable_definitions
kuwekesha,no_usable_definitions
kuwekeka,no_usable_definitions
kuweza,no_usable_definitions
kuwezesha,no_usable_definitions
kuwezea,no_usable_definitions
kuwezeka,no_usable_definitions
kuwezwa,no_usable_definitions
kuwezana,no_usable_definitions
kugaia,no_usable_definitions
kunama,no_usable_definitions
kupotea,no_usable_definitions
kupotana,no_usable_definitions
kupotewa,no_usable_definitions
kupotesha,no_usable_definitions
kupoteka,no_usable_definitions
kupota,no_usable_definitions
barani,no_usable_definitions
kuchaguza,no_usable_definitions
kuchagua,no_usable_definitions
kuchagulia,no_usable_definitions
kuchaguliwa,no_usable_definitions
kupitia,no_usable_definitions
kupitika,no_usable_definitions
kupitisha,no_usable_definitions
kupitiwa,no_usable_definitions
kupitiana,no_usable_definitions
kupendanisha,no_usable_definitions
kupendea,no_usable_definitions
shimoni,no_usable_definitions
chuoni,no_usable_definitions
shuleni,no_usable_definitions
kusikilizana,no_usable_definitions
kusikiliza,no_usable_definitions
kusikilizwa,no_usable_definitions
kusikilia,no_usable_definitions
kusikilisha,no_usable_definitions
kusikiwa,no_usable_definitions
kusikiana,no_usable_definitions
kusikika,no_usable_definitions
kusikia,no_usable_definitions
kufutika,no_usable_definitions
kufutana,no_usable_definitions
kufutwa,no_usable_definitions
kufutisha,no_usable_definitions
kufutia,no_usable_definitions
kufuta,no_usable_definitions
kumalizia,no_usable_definitions
kumalizika,no_usable_definitions
kumaliziana,no_usable_definitions
kumalizwa,no_usable_definitions
kumalizisha,no_usable_definitions
kumaliza,no_usable_definitions
kupandia,no_usable_definitions
kupandisha,no_usable_definitions
kupandwa,no_usable_definitions
kupandana,no_usable_definitions
kupandika,no_usable_definitions
kupanda,no_usable_definitions
kukubali,no_usable_definitions
kukubalia,no_usable_definitions
kukubalika,no_usable_definitions
kukubalisha,no_usable_definitions
kukubaliwa,no_usable_definitions
kukubaliana,no_usable_definitions
kulilika,no_usable_definitions
kulilia,no_usable_definitions
kuliza,no_usable_definitions
kuliliwa,no_usable_definitions
kuliana,no_usable_definitions
kulika,no_usable_definitions
kupanga,no_usable_definitions
kupangika,no_usable_definitions
kupangana,no_usable_definitions
kupangwa,no_usable_definitions
kupangisha,no_usable_definitions
kupangia,no_usable_definitions
kupanganyana,no_usable_definitions
kupanganywa,no_usable_definitions
kupanganyisha,no_usable_definitions
kupanganyia,no_usable_definitions
kupanganyika,no_usable_definitions
kupanganya,no_usable_definitions
kutunzika,no_usable_definitions
kutunzana,no_usable_definitions
kutunzwa,no_usable_definitions
kutunzisha,no_usable_definitions
kutunzia,no_usable_definitions
kutunza,no_usable_definitions
kuchukua,no_usable_definitions
kuchukulika,no_usable_definitions
kuchukulia,no_usable_definitions
kuchukuza,no_usable_definitions
kuchukuliwa,no_usable_definitions
kuchukuana,no_usable_definitions
kuendeshana,no_usable_definitions
kuendeshwa,no_usable_definitions
kuendeshesha,no_usable_definitions
kuendeshea,no_usable_definitions
kuendesheka,no_usable_definitions
kuinulia,no_usable_definitions
kuinuza,no_usable_definitions
kuinuliwa,no_usable_definitions
kuinuana,no_usable_definitions
kuinulika,no_usable_definitions
kuinua,no_usable_definitions
kutakana,no_usable_definitions
kutakwa,no_usable_definitions
kutakisha,no_usable_definitions
kutakia,no_usable_definitions
kutakika,no_usable_definitions
kubadili,no_usable_definitions
kubadilia,no_usable_definitions
kubadiliana,no_usable_definitions
kubadilika,no_usable_definitions
kubadiliwa,no_usable_definitions
kubadilisha,no_usable_definitions
kutokea,no_usable_definitions
kutokesha,no_usable_definitions
kutokwa,no_usable_definitions
kutokana,no_usable_definitions
kutokeka,no_usable_definitions
kutoka,no_usable_definitions
kutoka,unknown_pos
kuamsha,no_usable_definitions
kuangalia,no_usable_definitions
kuamshana,no_usable_definitions
kuamshia,no_usable_definitions
kuamshwa,no_usable_definitions
kuamshisha,no_usable_definitions
kuamshika,no_usable_definitions
angaliana,no_usable_definitions
kuangaliana,no_usable_definitions
kupika,no_usable_definitions
kupikika,no_usable_definitions
kupikia,no_usable_definitions
kupikisha,no_usable_definitions
kupikwa,no_usable_definitions
kupikana,no_usable_definitions
hutapenda,no_usable_definitions
atapenda,no_usable_definitions
mlikuwa,no_usable_definitions
tutakuwa,no_usable_definitions
sitakuwa,no_usable_definitions
nitakuwa,no_usable_definitions
unakuwa,no_usable_definitions
hatukuwi,no_usable_definitions
alizaliwa,no_usable_definitions
mlizaliwa,no_usable_definitions
ulizaliwa,no_usable_definitions
tulizaliwa,no_usable_definitions
nilizaliwa,no_usable_definitions
walizaliwa,no_usable_definitions
hatazaliwa,no_usable_definitions
hamtazaliwa,no_usable_definitions
hutazaliwa,no_usable_definitions
hatutazaliwa,no_usable_definitions
hawatazaliwa,no_usable_definitions
sitazaliwa,no_usable_definitions
msijifunzi,no_usable_definitions
ujifunzi,no_usable_definitions
tusijifunzi,no_usable_definitions
nijifunzi,no_usable_definitions
wajifunzi,no_usable_definitions
kufunga,no_usable_definitions
unafungwa,no_usable_definitions
mnafungwa,no_usable_definitions
anafungwa,no_usable_definitions
tunafungwa,no_usable_definitions
kufungwa,no_usable_definitions
hamngefungamana,no_usable_definitions
mngefungamana,no_usable_definitions
hatafungamana,no_usable_definitions
hutafungamana,no_usable_definitions
utafungamana,no_usable_definitions
kufungamana,no_usable_definitions
tungalifungamana,no_usable_definitions
kufungua,no_usable_definitions
tukafungua,no_usable_definitions
nikafungua,no_usable_definitions
ukafungua,no_usable_definitions
kufungisha,no_usable_definitions
kufungishwa,no_usable_definitions
usifungishe,no_usable_definitions
mkafungishwa,no_usable_definitions
kuondolewa,no_usable_definitions
kuondoza,no_usable_definitions
kuondolea,no_usable_definitions
kuondoa,no_usable_definitions
kuondoana,no_usable_definitions
kuondoleka,no_usable_definitions
kuondosha,no_usable_definitions
anapokea,no_usable_definitions
hupokei,no_usable_definitions
kupokelea,no_usable_definitions
kupokeza,no_usable_definitions
kupokelewa,no_usable_definitions
kupokeana,no_usable_definitions
kupokeleka,no_usable_definitions
kutoleka,no_usable_definitions
kutoana,no_usable_definitions
kutolewa,no_usable_definitions
kutoza,no_usable_definitions
kutolea,no_usable_definitions
utaandika,no_usable_definitions
tunaandika,no_usable_definitions
hatuandiki,no_usable_definitions
mnaandika,no_usable_definitions
hatutaandika,no_usable_definitions
kupemba,no_usable_definitions
kupembea,no_usable_definitions
kupembesha,no_usable_definitions
kupembwa,no_usable_definitions
kupembana,no_usable_definitions
kupembeka,no_usable_definitions
kuvunjia,no_usable_definitions
kuvunjisha,no_usable_definitions
kuvunjwa,no_usable_definitions
kuvunjana,no_usable_definitions
kuvunjika,no_usable_definitions
kuvunja,no_usable_definitions
kuendeleza,no_usable_definitions
kuendeleleka,no_usable_definitions
hatuendelei,no_usable_definitions
kuzaa,no_usable_definitions
hakuzaa,no_usable_definitions
hamkuzaa,no_usable_definitions
nikazaa,no_usable_definitions
tunazaa,no_usable_definitions
kukusudiwa,no_usable_definitions
kutangaza,no_usable_definitions
kutangazwa,no_usable_definitions
kujulia,no_usable_definitions
kuzoa,no_usable_definitions
kuzoleka,no_usable_definitions
kuzolewa,no_usable_definitions
kuzolea,no_usable_definitions
kuzoea,no_usable_definitions
kuzoeleka,no_usable_definitions
kuzoelewa,no_usable_definitions
kuzoeana,no_usable_definitions
kuzoeza,no_usable_definitions
kuzoesha,no_usable_definitions
kufahamu,no_usable_definitions
kufahamisha,no_usable_definitions
kufahamiwa,no_usable_definitions
kufahamiana,no_usable_definitions
kufahamika,no_usable_definitions
kuvalika,no_usable_definitions
kuvalia,no_usable_definitions
kuvalisha,no_usable_definitions
kuvaliwa,no_usable_definitions
kuonjeka,no_usable_definitions
kuonja,no_usable_definitions
kuonjana,no_usable_definitions
kuonjea,no_usable_definitions
kuonjesha,no_usable_definitions
kuonjwa,no_usable_definitions
kujaza,no_usable_definitions
kujazika,no_usable_definitions
kujazana,no_usable_definitions
kujazwa,no_usable_definitions
kujazia,no_usable_definitions
kujazisha,no_usable_definitions
kulazimisha,no_usable_definitions
kulazimika,no_usable_definitions
kuhamia,no_usable_definitions
kuhamisha,no_usable_definitions
kuhamishwa,no_usable_definitions
kukopesha,no_usable_definitions
kukataa,no_usable_definitions
kukatakata,no_usable_definitions
kukataliwa,no_usable_definitions
kukataza,no_usable_definitions
kukatalia,no_usable_definitions
kulegwa,no_usable_definitions
kulega,no_usable_definitions
kulegeza,no_usable_definitions
kulegezwa,no_usable_definitions
kuandaa,no_usable_definitions
kushukia,no_usable_definitions
kushukisha,no_usable_definitions
kushukwa,no_usable_definitions
kushuka,no_usable_definitions
kuarifu,no_usable_definitions
kuarifiwa,no_usable_definitions
kuarifisha,no_usable_definitions
kuaua,no_usable_definitions
kuauliwa,no_usable_definitions
kuausha,no_usable_definitions
kuauza,no_usable_definitions
kueleza,no_usable_definitions
kuelezea,no_usable_definitions
kuelezwa,no_usable_definitions
kuelezeka,no_usable_definitions
kugaiwa,no_usable_definitions
kusimamisha,no_usable_definitions
kusimama,no_usable_definitions
kusimamia,no_usable_definitions
kusimamika,no_usable_definitions
kusimamishwa,no_usable_definitions
kusawazisha,no_usable_definitions
kusawazishwa,no_usable_definitions
kusawazishika,no_usable_definitions
kusogea,no_usable_definitions
kusogeana,no_usable_definitions
kusogelewa,no_usable_definitions
kusogeza,no_usable_definitions
kuingiza,no_usable_definitions
kudahili,no_usable_definitions
kuokoa,no_usable_definitions
kuokolewa,no_usable_definitions
kuokoleka,no_usable_definitions
kuambata,no_usable_definitions
kuivisha,no_usable_definitions
kugonga,no_usable_definitions
kugongwa,no_usable_definitions
kugongana,no_usable_definitions
kubeba,no_usable_definitions
kugongagonga,no_usable_definitions
kukusanya,no_usable_definitions
kukusanywa,no_usable_definitions
kukusanyika,no_usable_definitions
kuyeyuka,no_usable_definitions
kuyeyusha,no_usable_definitions
kuyeyushwa,no_usable_definitions
kurudia,no_usable_definitions
kurudiana,no_usable_definitions
kurudisha,no_usable_definitions
kurudishwa,no_usable_definitions
kukasiri,no_usable_definitions
kukasiriana,no_usable_definitions
kukasiriwa,no_usable_definitions
kukasirisha,no_usable_definitions
kukasiria,no_usable_definitions
kukasirika,no_usable_definitions
kukasirikia,no_usable_definitions
Muungano wa Sovieti,no_usable_definitions
kunenepa,no_usable_definitions
kunenepesha,no_usable_definitions
kushukuru,no_usable_definitions
kukuta,no_usable_definitions
kukutwa,no_usable_definitions
kukutana,no_usable_definitions
kuficha,no_usable_definitions
kufichika,no_usable_definitions
kufichwa,no_usable_definitions
kufichua,no_usable_definitions
kuonesha,no_usable_definitions
kuvuta,no_usable_definitions
kuvutwa,no_usable_definitions
kuvutia,no_usable_definitions
kuvutiwa,no_usable_definitions
hewani,no_usable_definitions
kushabihi,no_usable_definitions
kukagua,no_usable_definitions
kukaguliwa,no_usable_definitions
kukagulia,no_usable_definitions
kushangaa,no_usable_definitions
kushangaliwa,no_usable_definitions
kushangaza,no_usable_definitions
kushangalia,no_usable_definitions
kuletea,no_usable_definitions
kuletwa,no_usable_definitions
msalabani,no_usable_definitions
kubatiza,no_usable_definitions
kubatizwa,no_usable_definitions
kutengeneza,no_usable_definitions
kutenda,no_usable_definitions
kutenga,no_usable_definitions
kutengana,no_usable_definitions
kutengwa,no_usable_definitions
kutetema,no_usable_definitions
kutetemeka,no_usable_definitions
kuthibiti,no_usable_definitions
kuthibitika,no_usable_definitions
kuthibitisha,no_usable_definitions
kuvuna,no_usable_definitions
kusahihi,no_usable_definitions
Afuganistani,no_usable_definitions
kushindana,no_usable_definitions
kushindania,no_usable_definitions
kutuma,no_usable_definitions
kutumwa,no_usable_definitions
kutumia,no_usable_definitions
kutumika,no_usable_definitions
kutumiwa,no_usable_definitions
kuwahi,no_usable_definitions
kuhifadhi,no_usable_definitions
kuhifadhiwa,no_usable_definitions
kutazama,no_usable_definitions
kutazamika,no_usable_definitions
kutazamisha,no_usable_definitions
kutazamiwa,no_usable_definitions
kufunguliwa,no_usable_definitions
kufunguka,no_usable_definitions
kufungulia,no_usable_definitions
kushtua,no_usable_definitions
kushtulia,no_usable_definitions
kushtusha,no_usable_definitions
kushtuka,no_usable_definitions
kuhuzunisha,no_usable_definitions
kuhuzunia,no_usable_definitions
kuhuzunika,no_usable_definitions
kusikitika,no_usable_definitions
kusikitikia,no_usable_definitions
kusikitisha,no_usable_definitions
kuchelewa,no_usable_definitions
kuchelewesha,no_usable_definitions
kuongoa,no_usable_definitions
kuongolewa,no_usable_definitions
kuongoka,no_usable_definitions
kuongoza,no_usable_definitions
kuongozwa,no_usable_definitions
kuongozana,no_usable_definitions
kuongozeka,no_usable_definitions
kuchua,no_usable_definitions
kuchuana,no_usable_definitions
kuchwa,no_usable_definitions
kukomba,no_usable_definitions
kusali,no_usable_definitions
kumaanisha,no_usable_definitions
kusalia,no_usable_definitions
kusalisha,no_usable_definitions
kuchunga,no_usable_definitions
kuvua,no_usable_definitions
licha ya,unknown_pos
kutoadhibu,no_usable_definitions
kuadhibu,no_usable_definitions
adhibuni,no_usable_definitions
huadhibu,no_usable_definitions
niliadhibu,no_usable_definitions
naliadhibu,no_usable_definitions
tuliadhibu,no_usable_definitions
twaliadhibu,no_usable_definitions
uliadhibu,no_usable_definitions
waliadhibu,no_usable_definitions
kupungwa,no_usable_definitions
kupunga,no_usable_definitions
kuagiza,no_usable_definitions
kuagizwa,no_usable_definitions
kuagizia,no_usable_definitions
kurogoa,no_usable_definitions
kurogwa,no_usable_definitions
kuchuna,no_usable_definitions
kuambua,no_usable_definitions
kuambuka,no_usable_definitions
kuambukiza,no_usable_definitions
kuambukizwa,no_usable_definitions
kuhubiri,no_usable_definitions
kuhitilafu,no_usable_definitions
kuosha,no_usable_definitions
kuandama,no_usable_definitions
kuandamana,no_usable_definitions
kuandamwa,no_usable_definitions
nilinunua,no_usable_definitions
kutwaa,no_usable_definitions
kuuza,no_usable_definitions
yupo,no_usable_definitions
kudema,no_usable_definitions
kuinuka,no_usable_definitions
kuinukainuka,no_usable_definitions
kugawa,no_usable_definitions
kuchecha,no_usable_definitions
kugawanya,no_usable_definitions
kutayarisha,no_usable_definitions
kupima,no_usable_definitions
kufuga,no_usable_definitions
kutafsiri,no_usable_definitions
kushauri,no_usable_definitions
kukadiri,no_usable_definitions
kukadirika,no_usable_definitions
kukadiriwa,no_usable_definitions
kukadiria,no_usable_definitions
kuharimu,no_usable_definitions
kuchekesha,no_usable_definitions
kuchekwa,no_usable_definitions
kuchekana,no_usable_definitions
kuchekea,no_usable_definitions
kudokoa,no_usable_definitions
kuonya,no_usable_definitions
kubaki,no_usable_definitions
kubakisha,no_usable_definitions
kukonya,no_usable_definitions
kuvyoga,no_usable_definitions
kunuia,no_usable_definitions
kunuiza,no_usable_definitions
kunuiwa,no_usable_definitions
kuzusha,no_usable_definitions
kuzushia,no_usable_definitions
kuaridhia,no_usable_definitions
kutaradhia,no_usable_definitions
kudoea,no_usable_definitions
kukinza,no_usable_definitions
kukinzana,no_usable_definitions
kugundua,no_usable_definitions
kugunduliwa,no_usable_definitions
kugundulisha,no_usable_definitions
kugundulia,no_usable_definitions
kukaza,no_usable_definitions
kukazwa,no_usable_definitions
kukazia,no_usable_definitions
kujulisha,no_usable_definitions
kuudhi,no_usable_definitions
kuudhika,no_usable_definitions
kuchwea,no_usable_definitions
kung'wafua,no_usable_definitions
kutanabahi,no_usable_definitions
kutanadhari,no_usable_definitions
kudhoofu,no_usable_definitions
kudhoofisha,no_usable_definitions
kutangua,no_usable_definitions
kutanguka,no_usable_definitions
kuenzi,no_usable_definitions
kuenzika,no_usable_definitions
kuvuma,no_usable_definitions
kuvumisha,no_usable_definitions
kuvumika,no_usable_definitions
kuvumilia,no_usable_definitions
kutepeta,no_usable_definitions
kupuza,no_usable_definitions
kuanzisha,no_usable_definitions
kutua,no_usable_definitions
kutulia,no_usable_definitions
kutuliza,no_usable_definitions
kuchocha,no_usable_definitions
kuchochewa,no_usable_definitions
kuchochelea,no_usable_definitions
kuchochea,no_usable_definitions
kuzimbaa,no_usable_definitions
kuzimika,no_usable_definitions
kuzimia,no_usable_definitions
kuzimisha,no_usable_definitions
kuzimwa,no_usable_definitions
kuteta,no_usable_definitions
kutetea,no_usable_definitions
kuteteleza,no_usable_definitions
kutetana,no_usable_definitions
kuegama,no_usable_definitions
kuegamisha,no_usable_definitions
kukana,no_usable_definitions
kunyonga,no_usable_definitions
kunyongeka,no_usable_definitions
kurithi,no_usable_definitions
kurithisha,no_usable_definitions
kuaili,no_usable_definitions
kuabudu,no_usable_definitions
kuabudia,no_usable_definitions
kuabudisha,no_usable_definitions
kuabudiwa,no_usable_definitions
kudhibiti,no_usable_definitions
kudhibitiwa,no_usable_definitions
kustahamili,no_usable_definitions
kuwaka,no_usable_definitions
kuwasha,no_usable_definitions
kunyang'anya,no_usable_definitions
kunyang'anywa,no_usable_definitions
kunyapa,no_usable_definitions
kunyara,no_usable_definitions
kuwinda,no_usable_definitions
siwi,no_usable_definitions
kung'amua,no_usable_definitions
kung'ara,no_usable_definitions
kung'ala,no_usable_definitions
kung'ong'ona,no_usable_definitions
kung'ota,no_usable_definitions
mwe,no_usable_definitions
kulima,no_usable_definitions
kuoza,no_usable_definitions
kufua,no_usable_definitions
leteni,no_usable_definitions
tutaonana,no_usable_definitions
Eliud,no_usable_definitions
unatembea,no_usable_definitions
hukimbia,no_usable_definitions
kurudi,no_usable_definitions
ninahitaji,no_usable_definitions
kujibu,no_usable_definitions
kufikiri,no_usable_definitions
unafikiri,no_usable_definitions
ninarudi,no_usable_definitions
tunarudi,no_usable_definitions
unarudi,no_usable_definitions
mnarudi,no_usable_definitions
unajibu,no_usable_definitions
kujaribu,no_usable_definitions
wanajaribu,no_usable_definitions
mnakuja,no_usable_definitions
ninakuja,no_usable_definitions
analala,no_usable_definitions
tunakuja,no_usable_definitions
sinywi,no_usable_definitions
sichezi,no_usable_definitions
kuhitaji,no_usable_definitions
huhitaji,no_usable_definitions
hanywi,no_usable_definitions
hajibu,no_usable_definitions
hupiki,no_usable_definitions
sipiki,no_usable_definitions
siendi,no_usable_definitions
hawaandiki,no_usable_definitions
hawasomi,no_usable_definitions
hatuendi,no_usable_definitions
hawaji,no_usable_definitions
hamsomi,no_usable_definitions
hampiki,no_usable_definitions
hatufikiri,no_usable_definitions
hamchezi,no_usable_definitions
ninalala,no_usable_definitions
wanafanya,no_usable_definitions
kufika,no_usable_definitions
wanafika,no_usable_definitions
ninakimbia,no_usable_definitions
nakimbia,no_usable_definitions
tunakimbia,no_usable_definitions
unakimbia,no_usable_definitions
mnakimbia,no_usable_definitions
anakimbia,no_usable_definitions
wanakimbia,no_usable_definitions
sikimbii,no_usable_definitions
hatukimbii,no_usable_definitions
hukimbii,no_usable_definitions
hamkimbii,no_usable_definitions
hakimbii,no_usable_definitions
hawakimbii,no_usable_definitions
unaenda,no_usable_definitions
ninapenda,no_usable_definitions
wanahitaji,no_usable_definitions
wanajibu,no_usable_definitions
wanakunywa,no_usable_definitions
unakuja,no_usable_definitions
hulali,no_usable_definitions
hurudi,no_usable_definitions
hatupendi,no_usable_definitions
hawapendi,no_usable_definitions
anaamka,no_usable_definitions
mnafanya,no_usable_definitions
mnajaribu,no_usable_definitions
hapendi,no_usable_definitions
hahitaji,no_usable_definitions
hamlali,no_usable_definitions
ninakula,no_usable_definitions
hatuhitaji,no_usable_definitions
siandiki,no_usable_definitions
mnakunywa,no_usable_definitions
anafagia,no_usable_definitions
ninafua,no_usable_definitions
kusafisha,no_usable_definitions
unasafisha,no_usable_definitions
ninawasha,no_usable_definitions
nawasha,no_usable_definitions
anawasha,no_usable_definitions
unawasha,no_usable_definitions
ninapika,no_usable_definitions
napika,no_usable_definitions
tunapika,no_usable_definitions
unapika,no_usable_definitions
mnapika,no_usable_definitions
anapika,no_usable_definitions
wanapika,no_usable_definitions
hamli,no_usable_definitions
hatuli,no_usable_definitions
hawali,no_usable_definitions
nakula,no_usable_definitions
tunakula,no_usable_definitions
unakula,no_usable_definitions
mnakula,no_usable_definitions
anakula,no_usable_definitions
wanakula,no_usable_definitions
ninaosha,no_usable_definitions
naosha,no_usable_definitions
tunaosha,no_usable_definitions
unaosha,no_usable_definitions
mnaosha,no_usable_definitions
anaosha,no_usable_definitions
wanaosha,no_usable_definitions
umeamka,no_usable_definitions
kunawa,no_usable_definitions
ninafuta,no_usable_definitions
nafuta,no_usable_definitions
tunafuta,no_usable_definitions
anafuta,no_usable_definitions
wanafuta,no_usable_definitions
unafuta,no_usable_definitions
mnafuta,no_usable_definitions
ninakunywa,no_usable_definitions
nakunywa,no_usable_definitions
tunakunywa,no_usable_definitions
unakunywa,no_usable_definitions
anakunywa,no_usable_definitions
ninaenda,no_usable_definitions
tunaenda,no_usable_definitions
mnaenda,no_usable_definitions
anaenda,no_usable_definitions
wanaenda,no_usable_definitions
ninanunua,no_usable_definitions
tunanunua,no_usable_definitions
unanunua,no_usable_definitions
mnanunua,no_usable_definitions
ananunua,no_usable_definitions
wananunua,no_usable_definitions
tunahitaji,no_usable_definitions
unahitaji,no_usable_definitions
mnahitaji,no_usable_definitions
anahitaji,no_usable_definitions
kuomba,no_usable_definitions
ninaomba,no_usable_definitions
tunaomba,no_usable_definitions
unaomba,no_usable_definitions
mnaomba,no_usable_definitions
anaomba,no_usable_definitions
wanaomba,no_usable_definitions
kuwa na,no_usable_definitions
ninafunga,no_usable_definitions
tunafunga,no_usable_definitions
unafunga,no_usable_definitions
mnafunga,no_usable_definitions
anafunga,no_usable_definitions
wanafunga,no_usable_definitions
wanalia,no_usable_definitions
mnalia,no_usable_definitions
unalia,no_usable_definitions
tunalia,no_usable_definitions
ninalia,no_usable_definitions
ninafungua,no_usable_definitions
tunafungua,no_usable_definitions
unafungua,no_usable_definitions
mnafungua,no_usable_definitions
anafungua,no_usable_definitions
wanafungua,no_usable_definitions
ninafuga,no_usable_definitions
tunafuga,no_usable_definitions
unafuga,no_usable_definitions
mnafuga,no_usable_definitions
anafuga,no_usable_definitions
wanafuga,no_usable_definitions
ninaweza,no_usable_definitions
tunaweza,no_usable_definitions
unaweza,no_usable_definitions
mnaweza,no_usable_definitions
anaweza,no_usable_definitions
wanaweza,no_usable_definitions
ninatunza,no_usable_definitions
tunatunza,no_usable_definitions
unatunza,no_usable_definitions
mnatunza,no_usable_definitions
anatunza,no_usable_definitions
wanatunza,no_usable_definitions
ninanawa,no_usable_definitions
tunanawa,no_usable_definitions
unanawa,no_usable_definitions
mnanawa,no_usable_definitions
ananawa,no_usable_definitions
wananawa,no_usable_definitions
tunaogelea,no_usable_definitions
ninaogelea,no_usable_definitions
unaogelea,no_usable_definitions
mnaogelea,no_usable_definitions
anaogelea,no_usable_definitions
wanaogelea,no_usable_definitions
ninaanza,no_usable_definitions
tunaanza,no_usable_definitions
unaanza,no_usable_definitions
mnaanza,no_usable_definitions
anaanza,no_usable_definitions
wanaanza,no_usable_definitions
ninawinda,no_usable_definitions
tunawinda,no_usable_definitions
unawinda,no_usable_definitions
mnawinda,no_usable_definitions
anawinda,no_usable_definitions
wanawinda,no_usable_definitions
ninazoea,no_usable_definitions
tunazoea,no_usable_definitions
unazoea,no_usable_definitions
mnazoea,no_usable_definitions
anazoea,no_usable_definitions
wanazoea,no_usable_definitions
ninapanda,no_usable_definitions
tunapanda,no_usable_definitions
unapanda,no_usable_definitions
mnapanda,no_usable_definitions
anapanda,no_usable_definitions
wanapanda,no_usable_definitions
ninaendesha,no_usable_definitions
tunaendesha,no_usable_definitions
unaendesha,no_usable_definitions
mnaendesha,no_usable_definitions
anaendesha,no_usable_definitions
wanaendesha,no_usable_definitions
kutembelea,no_usable_definitions
ninatembelea,no_usable_definitions
tunatembelea,no_usable_definitions
unatembelea,no_usable_definitions
mnatembelea,no_usable_definitions
anatembelea,no_usable_definitions
wanatembelea,no_usable_definitions
ninainua,no_usable_definitions
tunainua,no_usable_definitions
unainua,no_usable_definitions
mnainua,no_usable_definitions
anainua,no_usable_definitions
wanainua,no_usable_definitions
ninakaa,no_usable_definitions
tunakaa,no_usable_definitions
unakaa,no_usable_definitions
mnakaa,no_usable_definitions
anakaa,no_usable_definitions
wanakaa,no_usable_definitions
kuzungumza,no_usable_definitions
kumeza,no_usable_definitions
ninataka,no_usable_definitions
tunataka,no_usable_definitions
unataka,no_usable_definitions
mnataka,no_usable_definitions
anataka,no_usable_definitions
wanataka,no_usable_definitions
ninajenga,no_usable_definitions
tunajenga,no_usable_definitions
unajenga,no_usable_definitions
mnajenga,no_usable_definitions
anajenga,no_usable_definitions
wanajenga,no_usable_definitions
ninatuma,no_usable_definitions
tunatuma,no_usable_definitions
unatuma,no_usable_definitions
mnatuma,no_usable_definitions
anatuma,no_usable_definitions
wanatuma,no_usable_definitions
ninazima,no_usable_definitions
tunazima,no_usable_definitions
unazima,no_usable_definitions
mnazima,no_usable_definitions
anazima,no_usable_definitions
wanazima,no_usable_definitions
kujengwa,no_usable_definitions
inajengwa,no_usable_definitions
anajengwa,no_usable_definitions
kunukia,no_usable_definitions
kunuka,no_usable_definitions
kunukilia,no_usable_definitions
yananukia,no_usable_definitions
hatuna,no_usable_definitions
hawana,no_usable_definitions
hauna,no_usable_definitions
kuondoka,no_usable_definitions
aondoka,no_usable_definitions
kuugua,no_usable_definitions
kupelekwa,no_usable_definitions
kuwasili,no_usable_definitions
awasili,no_usable_definitions
amewasili,no_usable_definitions
jijini,no_usable_definitions
kuandikia,no_usable_definitions
shambani,no_usable_definitions
kufuliwa,no_usable_definitions
kunyonya,no_usable_definitions
kufyonza,no_usable_definitions
kuolewa,no_usable_definitions
kubusu,no_usable_definitions
kupigwa,no_usable_definitions
kupigana,no_usable_definitions
kufanyika,no_usable_definitions
kutafuta,no_usable_definitions
kukaribisha,no_usable_definitions
getini,no_usable_definitions
kuajiri,no_usable_definitions
kuajiri,no_usable_definitions
kunipa,no_usable_definitions
kuashiria,no_usable_definitions
kuavya,no_usable_definitions
kubaini,no_usable_definitions
kubaini,no_usable_definitions
kubainisha,no_usable_definitions
kukamata,no_usable_definitions
Myama,no_usable_definitions
kubamba,no_usable_definitions
kubambika,no_usable_definitions
kuwekeza,no_usable_definitions
kufyeka,no_usable_definitions
kupinda,no_usable_definitions
kutumbuiza,no_usable_definitions
kusambaa,no_usable_definitions
kumwaga,no_usable_definitions
kuparamia,no_usable_definitions
kuiba,no_usable_definitions
kushutumu,no_usable_definitions
kushutumu,no_usable_definitions
kutisha,no_usable_definitions
kutishia,no_usable_definitions
kukamatwa,no_usable_definitions
kufurahi,no_usable_definitions
kuruka,no_usable_definitions
kupepetana,no_usable_definitions
kudai,no_usable_definitions
kudai,no_usable_definitions
kudaiwa,no_usable_definitions
kuvuliwa,no_usable_definitions
kubashiri,no_usable_definitions
kubashiri,no_usable_definitions
kubonyeza,no_usable_definitions
kuboresha,no_usable_definitions
kupuuza,no_usable_definitions
kuranda,no_usable_definitions
kusafirisha,no_usable_definitions
kuvimbiwa,no_usable_definitions
kutega,no_usable_definitions
kulinganisha,no_usable_definitions
kususia,no_usable_definitions
kumudu,no_usable_definitions
kumudu,no_usable_definitions
namna gani,unknown_pos
kusahihisha,no_usable_definitions
kukusudi,no_usable_definitions
kukusudi,no_usable_definitions
kuongea,no_usable_definitions
kuelewa,no_usable_definitions
kutunuku,no_usable_definitions
kutunuku,no_usable_definitions
kutunukia,no_usable_definitions
kurekodi,no_usable_definitions
kurekodi,no_usable_definitions
kuwania,no_usable_definitions
kutegemea,no_usable_definitions
kupasua,no_usable_definitions
kuanga,no_usable_definitions
twende,no_usable_definitions
yakana,no_usable_definitions
kupumzika,no_usable_definitions
kuongeza,no_usable_definitions
kuongezeka,no_usable_definitions
kumada,no_usable_definitions
kutesa,no_usable_definitions
kurekebisha,no_usable_definitions
kujesha,no_usable_definitions
kukoma,no_usable_definitions
kumiliki,no_usable_definitions
kumiliki,no_usable_definitions
kufuata,no_usable_definitions
kuhusu,no_usable_definitions
kuhusu,no_usable_definitions
kuelekeza,no_usable_definitions
kuelekezwa,no_usable_definitions
kuitwa,no_usable_definitions
kunukuu,no_usable_definitions
kunukuu,no_usable_definitions
kuepuka,no_usable_definitions
kufariki,no_usable_definitions
kufariki,no_usable_definitions
kutusi,no_usable_definitions
kutusi,no_usable_definitions
kuumba,no_usable_definitions
kupoa,no_usable_definitions
kutendeka,no_usable_definitions
kutendekeza,no_usable_definitions
kutoweka,no_usable_definitions
kufia,no_usable_definitions
kupatikana,no_usable_definitions
kuzikwa,no_usable_definitions
kuzika,no_usable_definitions
kujulika,no_usable_definitions
kujulikana,no_usable_definitions
kuathiri,no_usable_definitions
kuathiri,no_usable_definitions
kuathiriwa,no_usable_definitions
kutangulia,no_usable_definitions
kuhalifu,no_usable_definitions
kuhalifu,no_usable_definitions
kujamii,no_usable_definitions
kujamii,no_usable_definitions
kufuatilia,no_usable_definitions
kulemaa,no_usable_definitions
kulemaza,no_usable_definitions
kulemazwa,no_usable_definitions
kufafanua,no_usable_definitions
kuzembea,no_usable_definitions
kusomea,no_usable_definitions
kupaka,no_usable_definitions
kujuana,no_usable_definitions
nipo,no_usable_definitions
tumo,no_usable_definitions
uko,no_usable_definitions
mko,no_usable_definitions
yumo,no_usable_definitions
kunakili,no_usable_definitions
kunakili,no_usable_definitions
kutunga,no_usable_definitions
kutendwa,no_usable_definitions
kurejea,no_usable_definitions
wewe ni nani,unknown_pos
kusaini,no_usable_definitions
kusaini,no_usable_definitions
kuteka,no_usable_definitions
kutakasa,no_usable_definitions
kutabiri,no_usable_definitions
kutabiri,no_usable_definitions
kuonana,no_usable_definitions
kusanifu,no_usable_definitions
kuruhusu,no_usable_definitions
kuruhusu,no_usable_definitions
kuruhusiwa,no_usable_definitions
kupangiwa,no_usable_definitions
kuzungumzwa,no_usable_definitions
kujeruhi,no_usable_definitions
kujeruhi,no_usable_definitions
kupendekeza,no_usable_definitions
kusimika,no_usable_definitions
kusimikwa,no_usable_definitions
kuandikwa,no_usable_definitions
kuwanga,no_usable_definitions
kulegea,no_usable_definitions
kuwakilisha,no_usable_definitions
kuanzia,no_usable_definitions
kufurahia,no_usable_definitions
kuhesabu,no_usable_definitions
kuhesabu,no_usable_definitions
kusorora,no_usable_definitions
kusononeka,no_usable_definitions
kukata,no_usable_definitions
kubidi,no_usable_definitions
kubidi,no_usable_definitions
ziwe,no_usable_definitions
viwe,no_usable_definitions
kiwe,no_usable_definitions
liwe,no_usable_definitions
kusalimu,no_usable_definitions
kusalimu,no_usable_definitions
kukosa,no_usable_definitions
kudhani,no_usable_definitions
kudhani,no_usable_definitions
kucheki,no_usable_definitions
kucheki,no_usable_definitions
kugomba,no_usable_definitions
kugombea,no_usable_definitions
kukufuru,no_usable_definitions
kukufuru,no_usable_definitions
kutamka,no_usable_definitions
kuandikiana,no_usable_definitions
kujamiiana,no_usable_definitions
kujamiana,no_usable_definitions
kunasa,no_usable_definitions
kulingana,no_usable_definitions
kulalama,no_usable_definitions
kulalamika,no_usable_definitions
kukunja,no_usable_definitions
kukopi,no_usable_definitions
kukopi,no_usable_definitions
kupaa,no_usable_definitions
kupaza,no_usable_definitions
kushiba,no_usable_definitions
kukatwa,no_usable_definitions
kuharibika,no_usable_definitions
kuzawa,no_usable_definitions
kuliwa,no_usable_definitions
kujaa,no_usable_definitions
kukumbuka,no_usable_definitions
wamlambe,no_usable_definitions
wamnyonye,no_usable_definitions
kuwahiwa,no_usable_definitions
kuelewana,no_usable_definitions
kukanusha,no_usable_definitions
kujumuisha,no_usable_definitions
kuidhinisha,no_usable_definitions
kuhalisi,no_usable_definitions
kuhakiki,no_usable_definitions
kuhakiki,no_usable_definitions
kugharimu,no_usable_definitions
kugharimu,no_usable_definitions
kughairi,no_usable_definitions
kughairi,no_usable_definitions
kufunza,no_usable_definitions
kufumba,no_usable_definitions
kufikira,no_usable_definitions
kufariji,no_usable_definitions
kufariji,no_usable_definitions
kuahidi,no_usable_definitions
kuahidi,no_usable_definitions
kufanikiwa,no_usable_definitions
kufalisi,no_usable_definitions
kufalisi,no_usable_definitions
kufasili,no_usable_definitions
kufasili,no_usable_definitions
kuenea,no_usable_definitions
kufaini,no_usable_definitions
kufaini,no_usable_definitions
kudhii,no_usable_definitions
kudhii,no_usable_definitions
kudhihirisha,no_usable_definitions
kudharau,no_usable_definitions
kudharau,no_usable_definitions
kudeki,no_usable_definitions
kudeki,no_usable_definitions
kuchemsha,no_usable_definitions
kuchinja,no_usable_definitions
kudaka,no_usable_definitions
kudarana,no_usable_definitions
kujamba,no_usable_definitions
kuumwa,no_usable_definitions
kusawijika,no_usable_definitions
kuuawa,no_usable_definitions
alikuwa,no_usable_definitions
kuonekana,no_usable_definitions
akaonekana,no_usable_definitions
walikuwa,no_usable_definitions
alisema,no_usable_definitions
kuwaambia,no_usable_definitions
kuuliza,no_usable_definitions
akaenda,no_usable_definitions
alifanya,no_usable_definitions
kuishi,no_usable_definitions
kuishi,no_usable_definitions
alikuja,no_usable_definitions
kuonyesha,no_usable_definitions
ingekuwa,no_usable_definitions
inaweza,no_usable_definitions
imekuwa,no_usable_definitions
kujifunza,no_usable_definitions
alichukua,no_usable_definitions
wanaonekana,no_usable_definitions
kutimiza,no_usable_definitions
je unanikamata,unknown_pos
unakamata,no_usable_definitions
unanikamata,no_usable_definitions
kudhuku,no_usable_definitions
kudhuku,no_usable_definitions
kugusa,no_usable_definitions
kushuhudia,no_usable_definitions
kushuhudiwa,no_usable_definitions
kukanyaga,no_usable_definitions
kupeana,no_usable_definitions
kuhusisha,no_usable_definitions
kufaulu,no_usable_definitions
kufaulu,no_usable_definitions
kutenganisha,no_usable_definitions
kubakia,no_usable_definitions
kupendeza,no_usable_definitions
kufikia,no_usable_definitions
kubuni,no_usable_definitions
kubuni,no_usable_definitions
kufaidi,no_usable_definitions
kufaidi,no_usable_definitions
kufuatwa,no_usable_definitions
kutiliwa,no_usable_definitions
kutiwa,no_usable_definitions
kuimarisha,no_usable_definitions
kufunika,no_usable_definitions
msalani,no_usable_definitions
akionyesha,no_usable_definitions
akiwa,no_usable_definitions
alijibu,no_usable_definitions
walio,no_usable_definitions
akisema,no_usable_definitions
kufikisha,no_usable_definitions
kufikishwa,no_usable_definitions
kuuzulu,no_usable_definitions
kuuzulu,no_usable_definitions
kujiuzulu,no_usable_definitions
anasema,no_usable_definitions
kuaga,no_usable_definitions
kuuaga,no_usable_definitions
kuwapa,no_usable_definitions
kunoa,no_usable_definitions
kuinoa,no_usable_definitions
kuwemo,no_usable_definitions
kuwemo,no_usable_definitions
akiwemo,no_usable_definitions
kuhakikisha,no_usable_definitions
kuzalisha,no_usable_definitions
ugani,no_usable_definitions
ikiwemo,no_usable_definitions
watakuwa,no_usable_definitions
kuhusika,no_usable_definitions
kunywewa,no_usable_definitions
kupewa,no_usable_definitions
kufiwa,no_usable_definitions
kupimwa,no_usable_definitions
kubomoa,no_usable_definitions
kubomolewa,no_usable_definitions
kulewa,no_usable_definitions
kukaliwa,no_usable_definitions
kuchemshwa,no_usable_definitions
kutabasamu,no_usable_definitions
kutabasamu,no_usable_definitions
kuhukumu,no_usable_definitions
kutaja,no_usable_definitions
kufadhaika,no_usable_definitions
kukithiri,no_usable_definitions
kukithiri,no_usable_definitions
kusababisha,no_usable_definitions
kunata,no_usable_definitions
kutathmini,no_usable_definitions
kutathmini,no_usable_definitions
kuzingira,no_usable_definitions
kuhuisha,no_usable_definitions
kuhusiana,no_usable_definitions
kusukuma,no_usable_definitions
kushiriki,no_usable_definitions
kushiriki,no_usable_definitions
kustaafu,no_usable_definitions
kustaafu,no_usable_definitions
kulea,no_usable_definitions
kulelewa,no_usable_definitions
njiani,no_usable_definitions
kusemea,no_usable_definitions
kuongezwa,no_usable_definitions
kuamua,no_usable_definitions
kukatisha,no_usable_definitions
kuuzia,no_usable_definitions
kufulia,no_usable_definitions
kununulia,no_usable_definitions
kushawishi,no_usable_definitions
kushawishi,no_usable_definitions
kukopa,no_usable_definitions
kutilia,no_usable_definitions
kuishia,no_usable_definitions
kutumbua,no_usable_definitions
kupea,no_usable_definitions
kukondesha,no_usable_definitions
kuibia,no_usable_definitions
kudanganya,no_usable_definitions
kudanganywa,no_usable_definitions
kuzira,no_usable_definitions
kushindwa,no_usable_definitions
kulaumiwa,no_usable_definitions
kulaumu,no_usable_definitions
kulaumu,no_usable_definitions
kukandamiza,no_usable_definitions
kuchenga,no_usable_definitions
kuchafya,no_usable_definitions
kustahili,no_usable_definitions
kustahili,no_usable_definitions
kuamini,no_usable_definitions
kuamini,no_usable_definitions
kufikiria,no_usable_definitions
kutambua,no_usable_definitions
kutambulisha,no_usable_definitions
kuzindua,no_usable_definitions
kupendana,no_usable_definitions
kujadili,no_usable_definitions
kujadili,no_usable_definitions
kujadiliana,no_usable_definitions
kuchezeana,no_usable_definitions
kupendelea,no_usable_definitions
kupendeleana,no_usable_definitions
kutoleana,no_usable_definitions
kutakiana,no_usable_definitions
kusamehe,no_usable_definitions
kusamehe,no_usable_definitions
kusameheana,no_usable_definitions
kufuliana,no_usable_definitions
kupokeleana,no_usable_definitions
kuoana,no_usable_definitions
kusaidiana,no_usable_definitions
kusalimiana,no_usable_definitions
kuchukuliana,no_usable_definitions
kununuliana,no_usable_definitions
kupapa,no_usable_definitions
kupooza,no_usable_definitions
kupigia,no_usable_definitions
kupigiana,no_usable_definitions
kukimbilia,no_usable_definitions
kukimbiliana,no_usable_definitions
kutofautisha,no_usable_definitions
kutokota,no_usable_definitions
kukaribia,no_usable_definitions
kuhoji,no_usable_definitions
kuhoji,no_usable_definitions
kusita,no_usable_definitions
kusitisha,no_usable_definitions
kusitishwa,no_usable_definitions
kuogofya,no_usable_definitions
kuwasiliana,no_usable_definitions
kujibika,no_usable_definitions
kuabiri,no_usable_definitions
kuabiri,no_usable_definitions
kutembeza,no_usable_definitions
kupora,no_usable_definitions
kuanguka,no_usable_definitions
kuchemka,no_usable_definitions
kulisha,no_usable_definitions
kupoteza,no_usable_definitions
kuogesha,no_usable_definitions
kukimbiza,no_usable_definitions
kukalika,no_usable_definitions
kusahaulika,no_usable_definitions
kufungika,no_usable_definitions
kuharibu,no_usable_definitions
kuharibu,no_usable_definitions
kukatika,no_usable_definitions
kuwezekana,no_usable_definitions
kuchomeka,no_usable_definitions
kuchezeka,no_usable_definitions
kuchimba,no_usable_definitions
kuchimbika,no_usable_definitions
kusemeka,no_usable_definitions
kusemekana,no_usable_definitions
kuchana,no_usable_definitions
kuchanika,no_usable_definitions
kushindika,no_usable_definitions
kushindikana,no_usable_definitions
kuchocheleka,no_usable_definitions
kusomeka,no_usable_definitions
kuchokoa,no_usable_definitions
kuchokolea,no_usable_definitions
kuchokoleka,no_usable_definitions
kufulika,no_usable_definitions
kupasuka,no_usable_definitions
kuzua,no_usable_definitions
kurindima,no_usable_definitions
kuuzwa,no_usable_definitions
kulipwa,no_usable_definitions
nguvuni,no_usable_definitions
kuingilia,no_usable_definitions
kudukua,no_usable_definitions
kudukuliwa,no_usable_definitions
kuhofu,no_usable_definitions
kuchafuka,no_usable_definitions
kung'aa,no_usable_definitions
kuchakachua,no_usable_definitions
kupatika,no_usable_definitions
kufichuliwa,no_usable_definitions
kufukuza,no_usable_definitions
kufukuzwa,no_usable_definitions
kuangamia,no_usable_definitions
kuangamiza,no_usable_definitions
kueleweka,no_usable_definitions
kufasiri,no_usable_definitions
kufasiri,no_usable_definitions
kuzuiwa,no_usable_definitions
mpakani,no_usable_definitions
kupasuliwa,no_usable_definitions
kushuku,no_usable_definitions
kushuku,no_usable_definitions
kushukiwa,no_usable_definitions
kukwama,no_usable_definitions
kukalia,no_usable_definitions
kuapa,no_usable_definitions
mwishoni,no_usable_definitions
kulindwa,no_usable_definitions
kushtaki,no_usable_definitions
kushtaki,no_usable_definitions
kushtakiwa,no_usable_definitions
kurukia,no_usable_definitions
kutapisha,no_usable_definitions
kupitapita,no_usable_definitions
Ujerumani Magharibi,no_usable_definitions
Ujerumani Mashariki,no_usable_definitions
kutembea,no_usable_definitions
kunyesha,no_usable_definitions
nendeni,no_usable_definitions
kuunga,no_usable_definitions
kusubiri,no_usable_definitions
kusubiri,no_usable_definitions
Amerika ya Kilatini,no_usable_definitions
kufanana,no_usable_definitions
kuwaza,no_usable_definitions
kupumua,no_usable_definitions
kuchokoza,no_usable_definitions
kuremba,no_usable_definitions
kusimulia,no_usable_definitions
Ukanda wa Gaza,no_usable_definitions
kukanda,no_usable_definitions
kutupa,no_usable_definitions
kukodoa,no_usable_definitions
kuvuruga,no_usable_definitions
karibu chakula,unknown_pos
kubarikiwa,no_usable_definitions
kugeuka,no_usable_definitions
kugeuza,no_usable_definitions
kuhama,no_usable_definitions
kushona,no_usable_definitions
kuvuja,no_usable_definitions
kuvuka,no_usable_definitions
kuziba,no_usable_definitions
kuzibua,no_usable_definitions
kuvumbua,no_usable_definitions
kutibu,no_usable_definitions
kuaka,no_usable_definitions
kuhonga,no_usable_definitions
kuhongwa,no_usable_definitions
kuhamasisha,no_usable_definitions
kuzurura,no_usable_definitions
kung'oa,no_usable_definitions
kuegemea,no_usable_definitions
kuegemeza,no_usable_definitions
kutegua,no_usable_definitions
kuuguza,no_usable_definitions
kuhatarisha,no_usable_definitions
kutafiti,no_usable_definitions
kuchapisha,no_usable_definitions
kubalehe,no_usable_definitions
kudhuru,no_usable_definitions
kushambulia,no_usable_definitions
kufundishwa,no_usable_definitions
kujasiri,no_usable_definitions
kutajirika,no_usable_definitions
kutumikia,no_usable_definitions
kuajiriwa,no_usable_definitions
kuajabu,no_usable_definitions
kuchapa,no_usable_definitions
kuteleza,no_usable_definitions
kusajili,no_usable_definitions
kuchumbishwa,no_usable_definitions
kubisha,no_usable_definitions
kubishana,no_usable_definitions
kuoka,no_usable_definitions
kufurahisha,no_usable_definitions
kuharakisha,no_usable_definitions
kukemea,no_usable_definitions
kuegesha,no_usable_definitions
kutatua,no_usable_definitions
kutata,no_usable_definitions
kurarua,no_usable_definitions
kuahiri,no_usable_definitions
kuahirisha,no_usable_definitions
kubinafsishwa,no_usable_definitions
kuahirishwa,no_usable_definitions
kuhadithia,no_usable_definitions
kuharibiwa,no_usable_definitions
kuibwa,no_usable_definitions
kusafishwa,no_usable_definitions
kuvamia,no_usable_definitions
kupeleka,no_usable_definitions
kuzunguka,no_usable_definitions
kuchanganya,no_usable_definitions
kuhudhuria,no_usable_definitions
kuazima,no_usable_definitions
kualika,no_usable_definitions
kualikwa,no_usable_definitions
kuhimiza,no_usable_definitions
kuungua,no_usable_definitions
kufurika,no_usable_definitions
kupambana,no_usable_definitions
kujichagulia,no_usable_definitions
kukabidhi,no_usable_definitions
kuchuja,no_usable_definitions
kukausha,no_usable_definitions
kukaushwa,no_usable_definitions
kumenya,no_usable_definitions
kupenya,no_usable_definitions
kupatia,no_usable_definitions
kuradhi,no_usable_definitions
jisajili,no_usable_definitions
kueleka,no_usable_definitions
kuketi,no_usable_definitions
kupisha,no_usable_definitions
kuchonga,no_usable_definitions
kudhuria,no_usable_definitions
kuorodhesha,no_usable_definitions
kupeleleza,no_usable_definitions
kubandika,no_usable_definitions
kujitahidi,no_usable_definitions
kusumbuliwa,no_usable_definitions
kuteremka,no_usable_definitions
kunajisi,no_usable_definitions
kubaka,no_usable_definitions
kubakwa,no_usable_definitions
kuchora,no_usable_definitions
kuchorwa,no_usable_definitions
kuratibu,no_usable_definitions
kuripoti,no_usable_definitions
kurepoti,no_usable_definitions
kutahadharisha,unknown_pos
kuwazia,no_usable_definitions
kupapasa,no_usable_definitions
kuamrisha,no_usable_definitions
kuamriwa,no_usable_definitions
kuchunguza,no_usable_definitions
kufanikia,no_usable_definitions
kujisajili,no_usable_definitions
kudhania,no_usable_definitions
kukoroga,no_usable_definitions
kuelekea,no_usable_definitions
kuagua,no_usable_definitions
kupepea,no_usable_definitions
kutengenezwa,no_usable_definitions
kukarabati,no_usable_definitions
kuzuru,no_usable_definitions
kuendelea,no_usable_definitions
ardhini,no_usable_definitions
kutongoza,no_usable_definitions
hasira ya mkizi furaha ya mvuvi,unknown_pos
kuogopa,no_usable_definitions
kunyoa,no_usable_definitions
kukohoa,no_usable_definitions
kujali,no_usable_definitions
kutawala,no_usable_definitions
kupinga,no_usable_definitions
kuganga,no_usable_definitions
kutanga,no_usable_definitions
kuangaza,no_usable_definitions
kusambaza,no_usable_definitions
kuporomoka,no_usable_definitions
kuwiana,no_usable_definitions
kutoroka,no_usable_definitions
kukazana,no_usable_definitions
kuunda,no_usable_definitions
kuheshimu,no_usable_definitions
kulaza,no_usable_definitions
kukabili,no_usable_definitions
kukabiliana,no_usable_definitions
kukomboa,no_usable_definitions
kubagua,no_usable_definitions
kusherekea,no_usable_definitions
kusherehekea,no_usable_definitions
kupimisha,no_usable_definitions
kutomba,no_usable_definitions
kubaguliwa,no_usable_definitions
kuigiza,no_usable_definitions
kutaliki,no_usable_definitions
kuamiri,no_usable_definitions
kuamkia,no_usable_definitions
kuteketea,no_usable_definitions
kuteketeza,no_usable_definitions
kufuma,no_usable_definitions
kutegea,no_usable_definitions
kutania,no_usable_definitions
kutarajia,no_usable_definitions
kudamka,no_usable_definitions
kutasa,no_usable_definitions
kutalikiwa,no_usable_definitions
kudumu,no_usable_definitions
kuhariri,no_usable_definitions
kupakia,no_usable_definitions
kupakua,no_usable_definitions
kupalilia,no_usable_definitions
kung'ata,no_usable_definitions
kung'atwa,no_usable_definitions
kukisi,no_usable_definitions
kusakata,no_usable_definitions
kutogwa,no_usable_definitions
kuambatana,no_usable_definitions
kuchipua,no_usable_definitions
kustahabu,no_usable_definitions
kukosoa,no_usable_definitions
kubopa,no_usable_definitions
kukirihi,no_usable_definitions
kuonyana,no_usable_definitions
kujeruhiwa,no_usable_definitions
kuhitimu,no_usable_definitions
kutinga,no_usable_definitions
kuchomachoma,no_usable_definitions
kuunganisha,no_usable_definitions
kupongeza,no_usable_definitions
kusifu,no_usable_definitions
kulundika,no_usable_definitions
kushusha,no_usable_definitions
kumimina,no_usable_definitions
kupamba,no_usable_definitions
kukawia,no_usable_definitions
kuzidi,no_usable_definitions
kuchesha,no_usable_definitions
kuchukiza,no_usable_definitions
kuchangia,no_usable_definitions
kupumbaza,no_usable_definitions
kupumbaa,no_usable_definitions
kuchanganua,no_usable_definitions
kuchambua,no_usable_definitions
kutuhumu,no_usable_definitions
kutuhumia,no_usable_definitions
kutuhumiwa,no_usable_definitions
kutuhumika,no_usable_definitions
kuchea,no_usable_definitions
kuvurugika,no_usable_definitions
kushtumu,no_usable_definitions
kuibua,no_usable_definitions
kutumaini,no_usable_definitions
kusaza,no_usable_definitions
kurundika,no_usable_definitions
kuchubua,no_usable_definitions
kusaka,no_usable_definitions
kuzoza,no_usable_definitions
kujasiria,no_usable_definitions
kujidai,no_usable_definitions
kunyima,no_usable_definitions
kunyimwa,no_usable_definitions
kudokeza,no_usable_definitions
kutamani,no_usable_definitions
kuhitajika,no_usable_definitions
kufikirika,no_usable_definitions
kutamanika,no_usable_definitions
kusemwa,no_usable_definitions
kujaribiwa,no_usable_definitions
kushughulika,no_usable_definitions
yasipatwe,no_usable_definitions
kushushika,no_usable_definitions
kushushwa,no_usable_definitions
kusihi,no_usable_definitions
kusomwa,no_usable_definitions
kusomesha,no_usable_definitions
kudakiza,no_usable_definitions
kukanganya,no_usable_definitions
kuinama,no_usable_definitions
kukodolea,no_usable_definitions
kushirikiana,no_usable_definitions
kuliwaza,no_usable_definitions
kutamanisha,no_usable_definitions
kupasha,no_usable_definitions
kufanyisha,no_usable_definitions
kufinyanga,no_usable_definitions
kufanyia,no_usable_definitions
kufanyiana,no_usable_definitions
kubusiana,no_usable_definitions
kubebana,no_usable_definitions
kubebwa,no_usable_definitions
kuibuka,no_usable_definitions
kuandalia,no_usable_definitions
kurusha,no_usable_definitions
kuchaji,no_usable_definitions
kuasi,no_usable_definitions
kufufua,no_usable_definitions
kupindua,no_usable_definitions
kupinduza,no_usable_definitions
kutema,no_usable_definitions
kutoshea,no_usable_definitions
kuimarika,unknown_pos
kugugumiza,no_usable_definitions
kukokotoa,no_usable_definitions
kukokota,no_usable_definitions
kuthamini,no_usable_definitions
kuthubutu,no_usable_definitions
kugawia,no_usable_definitions
kuzeeka,no_usable_definitions
kudhikiri,no_usable_definitions
kukwaruza,no_usable_definitions
kukwaruzana,no_usable_definitions
kufuzu,no_usable_definitions
kudinda,no_usable_definitions
kulangua,no_usable_definitions
kulaghai,no_usable_definitions
kuungana,no_usable_definitions
kuagwa,no_usable_definitions
kuafiki,no_usable_definitions
kuafiki,no_usable_definitions
kuadhibiwa,no_usable_definitions
kuadhibika,no_usable_definitions
kuandikisha,no_usable_definitions
kuandikishwa,no_usable_definitions
kuandikiza,no_usable_definitions
kuangukia,no_usable_definitions
kuangushwa,no_usable_definitions
kuania,no_usable_definitions
kuanzwa,no_usable_definitions
kubana,no_usable_definitions
kubinafsisha,no_usable_definitions
kubariki,no_usable_definitions
kubariki,no_usable_definitions
kuchacha,no_usable_definitions
kuchanja,no_usable_definitions
kuchanua,no_usable_definitions
kucharaza,no_usable_definitions
kuchewa,no_usable_definitions
kuchezwa,no_usable_definitions
kuchuma,no_usable_definitions
kuchumbisha,no_usable_definitions
kudonoa,no_usable_definitions
kudumisha,no_usable_definitions
kuelea,no_usable_definitions
kuendea,no_usable_definitions
kuhara,no_usable_definitions
kueua,no_usable_definitions
kufanyiza,no_usable_definitions
kufanywa,no_usable_definitions
kufeli,no_usable_definitions
kufeli,no_usable_definitions
kufisha,no_usable_definitions
kufoka,no_usable_definitions
kufungana,no_usable_definitions
kufungia,no_usable_definitions
kufura,no_usable_definitions
kuganda,no_usable_definitions
kugawika,no_usable_definitions
kugura,no_usable_definitions
kuhadithi,no_usable_definitions
kuhadithi,no_usable_definitions
kuhojiana,no_usable_definitions
kuhojihoji,no_usable_definitions
kuhojihoji,no_usable_definitions
kuhojiwa,no_usable_definitions
kuigia,no_usable_definitions
kujalia,no_usable_definitions
kujalisha,no_usable_definitions
kujaliwa,no_usable_definitions
kujawa,no_usable_definitions
kujia,no_usable_definitions
kujibia,no_usable_definitions
kujibisha,no_usable_definitions
kujibiwa,no_usable_definitions
kujuta,no_usable_definitions
kujivuna,no_usable_definitions
kukaanga,no_usable_definitions
kukalisha,no_usable_definitions
kukamua,no_usable_definitions
kukarabatiwa,no_usable_definitions
kukaribishwa,no_usable_definitions
kukauka,no_usable_definitions
kukawisha,no_usable_definitions
kukejeli,no_usable_definitions
kukejeli,no_usable_definitions
kukiri,no_usable_definitions
kukiri,no_usable_definitions
kukodi,no_usable_definitions
kukodi,no_usable_definitions
kulevya,no_usable_definitions
kukomaa,no_usable_definitions
kukumbusha,no_usable_definitions
kukuna,no_usable_definitions
kukwepa,no_usable_definitions
kulalia,no_usable_definitions
kuogopesha,no_usable_definitions
kumwagana,no_usable_definitions
kumwagia,no_usable_definitions
kumwagika,no_usable_definitions
kumwagisha,no_usable_definitions
kumwagwa,no_usable_definitions
kunakishi,no_usable_definitions
kunakshi,no_usable_definitions
kunakshi,no_usable_definitions
kungoja,no_usable_definitions
kunusa,no_usable_definitions
kunyooka,no_usable_definitions
kunyweka,no_usable_definitions
kunywea,no_usable_definitions
kunywesha,no_usable_definitions
kuogofisha,no_usable_definitions
kuogopea,no_usable_definitions
kutanda,no_usable_definitions
kusisitiza,no_usable_definitions
kusitawi,no_usable_definitions
kusitawi,no_usable_definitions
kustaarabu,no_usable_definitions
kustaarabu,no_usable_definitions
kusubu,no_usable_definitions
kusugua,no_usable_definitions
kusuka,no_usable_definitions
kusukasuka,no_usable_definitions
kusukua,no_usable_definitions
kusukwa,no_usable_definitions
kusuluhisha,no_usable_definitions
kutafuna,no_usable_definitions
kutaga,no_usable_definitions
kutandaza,no_usable_definitions
kutapa,no_usable_definitions
kutatiza,no_usable_definitions
kutegemeana,no_usable_definitions
kutekeleza,no_usable_definitions
kutekelezwa,no_usable_definitions
kuteseka,no_usable_definitions
kutilisha,no_usable_definitions
kutiririka,no_usable_definitions
kutukia,no_usable_definitions
kutumainisha,no_usable_definitions
kutumainiwa,no_usable_definitions
kutumbuizana,no_usable_definitions
kutumbuizia,no_usable_definitions
kutumbuizika,no_usable_definitions
kutumbuizwa,no_usable_definitions
kuuliwa,no_usable_definitions
kuvumbika,no_usable_definitions
kuwekezana,no_usable_definitions
kuwekezea,no_usable_definitions
kuwekezeka,no_usable_definitions
kuwekezesha,no_usable_definitions
kuwekezwa,no_usable_definitions
kuyeyukwa,no_usable_definitions
kuzalia,no_usable_definitions
kuzinda,no_usable_definitions
kuzungukwa,no_usable_definitions
kuomoka,no_usable_definitions
kuonea,no_usable_definitions
kuonwa,no_usable_definitions
kuozea,no_usable_definitions
kuozeka,no_usable_definitions
kuozesha,no_usable_definitions
kuozwa,no_usable_definitions
kupakwa,no_usable_definitions
kuparua,no_usable_definitions
kupasa,no_usable_definitions
kupaswa,no_usable_definitions
kupawa,no_usable_definitions
kupendeka,no_usable_definitions
kupendelewa,no_usable_definitions
kupendeleza,no_usable_definitions
kupendwa,no_usable_definitions
kupindana,no_usable_definitions
kupindia,no_usable_definitions
kupindika,no_usable_definitions
kupindisha,no_usable_definitions
kupindwa,no_usable_definitions
kupona,no_usable_definitions
kuponda,no_usable_definitions
kuposa,no_usable_definitions
kupuliza,no_usable_definitions
kupumbazika,no_usable_definitions
kupumbazwa,no_usable_definitions
kupungua,no_usable_definitions
kuridhi,no_usable_definitions
kuridhi,no_usable_definitions
kuridhiana,no_usable_definitions
kusafika,no_usable_definitions
kusahau,no_usable_definitions
kusahau,no_usable_definitions
kusahaulia,no_usable_definitions
kusahaulisha,no_usable_definitions
kusahauliwa,no_usable_definitions
kusamehea,no_usable_definitions
kusamehesha,no_usable_definitions
kusamehewa,no_usable_definitions
kusaumu,no_usable_definitions
kusaumu,no_usable_definitions
kushangilia,no_usable_definitions
kusharifu,no_usable_definitions
kushika,no_usable_definitions
kushikamana,no_usable_definitions
kushufu,no_usable_definitions
kushufu,no_usable_definitions
kusikiza,no_usable_definitions
kurutubika,no_usable_definitions
kurutubisha,no_usable_definitions
kusambalia,no_usable_definitions
kusambalika,no_usable_definitions
kudunga,no_usable_definitions
kuhaini,no_usable_definitions
kuhaini,no_usable_definitions
kusaliti,no_usable_definitions
kusaliti,no_usable_definitions
kuhasiri,no_usable_definitions
kuhasiri,no_usable_definitions
kuasisi,no_usable_definitions
kuasisi,no_usable_definitions
utese,no_usable_definitions
kuhusudu,no_usable_definitions
kuhusudu,no_usable_definitions
kubweka,no_usable_definitions
kusheheni,no_usable_definitions
kusheheni,no_usable_definitions
kuamuru,no_usable_definitions
kuamuru,no_usable_definitions
kuhutubu,no_usable_definitions
kuhutubu,no_usable_definitions
kutahiri,no_usable_definitions
kutahiri,no_usable_definitions
kulipuka,no_usable_definitions
kuadhimisha,no_usable_definitions
kushinikiza,no_usable_definitions
kuvunda,no_usable_definitions
kuridhisha,no_usable_definitions
kuridhishana,no_usable_definitions
kukamilisha,no_usable_definitions
kupanua,no_usable_definitions
mitaani,no_usable_definitions
kutosa,no_usable_definitions
kujipenda,no_usable_definitions
kuchumbia,no_usable_definitions
kuhasimu,no_usable_definitions
kuhasimu,no_usable_definitions
kukoroma,no_usable_definitions
kusahili,no_usable_definitions
kusahili,no_usable_definitions
kuchopoa,no_usable_definitions
kustakabadhi,no_usable_definitions
kustakabadhi,no_usable_definitions
kutahini,no_usable_definitions
kutahini,no_usable_definitions
kutahiniwa,no_usable_definitions
kupuuzwa,no_usable_definitions
kuridhika,no_usable_definitions
kushughulisha,no_usable_definitions
kushughulishwa,no_usable_definitions
kushughulishana,no_usable_definitions
kushughulikia,no_usable_definitions
kutambaa,no_usable_definitions
kutoboa,no_usable_definitions
kudhamiria,no_usable_definitions
kugoma,no_usable_definitions
kudadisi,no_usable_definitions
kudadisi,no_usable_definitions
kusafiria,no_usable_definitions
kusafirika,no_usable_definitions
kulenga,no_usable_definitions
kusonga,no_usable_definitions
kusongamana,no_usable_definitions
kudhalilisha,no_usable_definitions
kulawiti,no_usable_definitions
kulawiti,no_usable_definitions
kunena,no_usable_definitions
kuvuruta,no_usable_definitions
kunyakua,no_usable_definitions
kukumbatia,no_usable_definitions
kukumbatiwa,no_usable_definitions
kuchuchumaa,no_usable_definitions
kuongelea,no_usable_definitions
kustahimili,no_usable_definitions
kustahimili,no_usable_definitions
kupokezana,no_usable_definitions
kurukwa,no_usable_definitions
kupunguzika,no_usable_definitions
kupunguzwa,no_usable_definitions
kukumbushia,no_usable_definitions
kukumbushwa,no_usable_definitions
kukumbushana,no_usable_definitions
kukumbushika,no_usable_definitions
kuteua,no_usable_definitions
kugusana,no_usable_definitions
kusibu,no_usable_definitions
kusibu,no_usable_definitions
kuhidi,no_usable_definitions
kuhidi,no_usable_definitions
kubughudhi,no_usable_definitions
kubughudhi,no_usable_definitions
kupangusa,no_usable_definitions
kurejesta,no_usable_definitions
kupazisha,no_usable_definitions
kupazika,no_usable_definitions
kupazia,no_usable_definitions
kukanyagana,no_usable_definitions
kusindika,no_usable_definitions
kukariri,no_usable_definitions
msituni,no_usable_definitions
kutombana,no_usable_definitions
kutupwa,no_usable_definitions
kusalimia,no_usable_definitions
kutafunia,no_usable_definitions
kutafunwa,no_usable_definitions
kubembea,no_usable_definitions
kusaili,no_usable_definitions
kuvinjari,no_usable_definitions
kuchakaa,no_usable_definitions
kupakulia,no_usable_definitions
kupakuliwa,no_usable_definitions
kupakulika,no_usable_definitions
kuzaliana,no_usable_definitions
kuepua,no_usable_definitions
mtaani,no_usable_definitions
kuainisha,no_usable_definitions
kuzama,no_usable_definitions
kuajirisha,no_usable_definitions
kurandaranda,no_usable_definitions
kuambisha,no_usable_definitions
kuumiza,no_usable_definitions
kuumika,no_usable_definitions
kuomboleza,no_usable_definitions
kulowea,no_usable_definitions
kukaidi,no_usable_definitions
kukodisha,no_usable_definitions
kupasi,no_usable_definitions
kuchenji,no_usable_definitions
kukera,no_usable_definitions
kuchapua,no_usable_definitions
kupatana,no_usable_definitions
kupatania,no_usable_definitions
kupatanisha,no_usable_definitions
kupatanika,no_usable_definitions
kuachisha,no_usable_definitions
kuachwa,no_usable_definitions
kuachika,no_usable_definitions
kuachana,no_usable_definitions
kuachia,no_usable_definitions
kukwea,no_usable_definitions
kudhamini,no_usable_definitions
kurubuni,no_usable_definitions
kununa,no_usable_definitions
kuchuuza,no_usable_definitions
kutafakari,no_usable_definitions
kuhuishika,no_usable_definitions
kuhuishana,no_usable_definitions
kuhuishwa,no_usable_definitions
kuhuishia,no_usable_definitions
kuhiji,no_usable_definitions
kurasha,no_usable_definitions
kusengenya,no_usable_definitions
mazingaombwe,no_usable_definitions
kushirikiwa,no_usable_definitions
kushirikisha,no_usable_definitions
kushirikia,no_usable_definitions
kutohoa,no_usable_definitions
kutumai,no_usable_definitions
kushitaki,no_usable_definitions
kuundia,no_usable_definitions
kuundisha,no_usable_definitions
kuundwa,no_usable_definitions
kuundika,no_usable_definitions
baada ya Kristo,unknown_pos
kabla ya Kristo,unknown_pos
kuhitimisha,no_usable_definitions
jicho kwa jicho,unknown_pos
kutatanisha,no_usable_definitions
kutweta,no_usable_definitions
kutweza,no_usable_definitions
kuponea,no_usable_definitions
kuponesha,no_usable_definitions
kuponwa,no_usable_definitions
kuponeka,no_usable_definitions
kubukua,no_usable_definitions
mmo,no_usable_definitions
kuhasi,no_usable_definitions
kuhepa,no_usable_definitions
kuhalalisha,no_usable_definitions
kutabawali,no_usable_definitions
kukojoa,no_usable_definitions
kuponya,no_usable_definitions
kuhamaki,no_usable_definitions
kustarehe,no_usable_definitions
kuhawili,no_usable_definitions
kuhawilisha,no_usable_definitions
kujihimu,no_usable_definitions
kukomea,no_usable_definitions
kukomeka,no_usable_definitions
kukomesha,no_usable_definitions
kuradidi,no_usable_definitions
kuradidia,no_usable_definitions
kuradidisha,no_usable_definitions
kuradidiwa,no_usable_definitions
kuradidika,no_usable_definitions
kufarakana,no_usable_definitions
kuhadaa,no_usable_definitions
kuinjilisha,no_usable_definitions
kutikisa,no_usable_definitions
kuzonga,no_usable_definitions
kuhadhiri,no_usable_definitions
kuaibisha,no_usable_definitions
kuaibishana,no_usable_definitions
kutaarifu,no_usable_definitions
kufadhili,no_usable_definitions
kugawanyia,no_usable_definitions
kugawanyisha,no_usable_definitions
kugawanywa,no_usable_definitions
kugawanyana,no_usable_definitions
kugawanyika,no_usable_definitions
kunusuru,no_usable_definitions
kujigamba,no_usable_definitions
kushurutisha,no_usable_definitions
kunyamaza,no_usable_definitions
kunyamazia,no_usable_definitions
kunyamazisha,no_usable_definitions
kunyamazika,no_usable_definitions
kutozea,no_usable_definitions
kutozesha,no_usable_definitions
kutozwa,no_usable_definitions
kutozana,no_usable_definitions
kutozeka,no_usable_definitions
angani,no_usable_definitions
kugombana,no_usable_definitions
kugombanisha,no_usable_definitions
jisifu,no_usable_definitions
kujisifu,no_usable_definitions
kushamiri,no_usable_definitions
ufukweni,no_usable_definitions
kuiza,no_usable_definitions
kurudufu,no_usable_definitions
kuruzu,no_usable_definitions
kudhulumu,no_usable_definitions
kukwaa,no_usable_definitions
kulowa,no_usable_definitions
kupekua,no_usable_definitions
kusaga,no_usable_definitions
kustahiki,no_usable_definitions
kuhakiri,no_usable_definitions
kukebehi,no_usable_definitions
kughilibu,no_usable_definitions
kuyumba,no_usable_definitions
kuzorota,no_usable_definitions
kusonya,no_usable_definitions
kunufaika,no_usable_definitions
kuhujumu,no_usable_definitions
kubadilishana,no_usable_definitions
kusadiki,no_usable_definitions
kutathimini,no_usable_definitions
kudhihiri,no_usable_definitions
kusababika,no_usable_definitions
kutaraji,no_usable_definitions
kulazimu,no_usable_definitions
kukusudia,no_usable_definitions
kurekebu,no_usable_definitions
kuhudumu,no_usable_definitions
kuahirika,no_usable_definitions
kuhamasika,no_usable_definitions
kutayarika,no_usable_definitions
kuwakilika,no_usable_definitions
kujumuika,no_usable_definitions
kuadhimika,no_usable_definitions
kuhatarika,no_usable_definitions
kusuluhika,no_usable_definitions
kukidhi,no_usable_definitions
kutofautiana,no_usable_definitions
kudhalilika,no_usable_definitions
kuharakika,no_usable_definitions
kuhalalika,no_usable_definitions
kuaini,no_usable_definitions
kuhami,no_usable_definitions
kutalii,no_usable_definitions
kufidi,no_usable_definitions
kuzawadia,no_usable_definitions
kusawazika,no_usable_definitions
kubadhiri,no_usable_definitions
kughushi,no_usable_definitions
kubatili,no_usable_definitions
kubatilisha,no_usable_definitions
kubatilika,no_usable_definitions
kuzabuni,no_usable_definitions
kuwajibika,no_usable_definitions
kuzagaa,no_usable_definitions
kusakimu,no_usable_definitions
kutatanika,no_usable_definitions
kustawi,no_usable_definitions
kuzozana,no_usable_definitions
kumwagilia,no_usable_definitions
kuafikia,no_usable_definitions
kuafikisha,no_usable_definitions
kuafikiana,no_usable_definitions
kuafikika,no_usable_definitions
kuchanjwa,no_usable_definitions
kuidhinika,no_usable_definitions
kuidhinishwa,no_usable_definitions
kutetereka,no_usable_definitions
kustawisha,no_usable_definitions
kusitawisha,no_usable_definitions
kufungasha,no_usable_definitions
kufungashia,no_usable_definitions
kufungashisha,no_usable_definitions
kufungashana,no_usable_definitions
kufungashika,no_usable_definitions
kutamalaki,no_usable_definitions
kuripotiwa,no_usable_definitions
Aktiki,no_usable_definitions
kukabidhiwa,no_usable_definitions
kukabidhiana,no_usable_definitions
kukabidhika,no_usable_definitions
kuumbwa,no_usable_definitions
kupotoa,no_usable_definitions
kupotosha,no_usable_definitions
kukashifu,no_usable_definitions
kukashifiwa,no_usable_definitions
kukashifia,no_usable_definitions
kukashifisha,no_usable_definitions
kubet,no_usable_definitions
kubeti,no_usable_definitions
kutarjumi,no_usable_definitions
kuapika,no_usable_definitions
kuapisha,no_usable_definitions
kuapia,no_usable_definitions
kuapana,no_usable_definitions
kuapiza,no_usable_definitions
kuazimu,no_usable_definitions
kukaba,no_usable_definitions
kuburudi,no_usable_definitions
kuburudisha,no_usable_definitions
kuburudika,no_usable_definitions
kuachilia,no_usable_definitions
kuachiana,no_usable_definitions
kutimia,no_usable_definitions
kutimilia,no_usable_definitions
kutimiliwa,no_usable_definitions
kutimilika,no_usable_definitions
kusemesha,no_usable_definitions
kusemana,no_usable_definitions
kutuza,no_usable_definitions
kufululiza,no_usable_definitions
kutarajisha,no_usable_definitions
kutarajiwa,no_usable_definitions
kutarajika,no_usable_definitions
kuadhini,no_usable_definitions
kubahatisha,no_usable_definitions
tazama pia,unknown_pos
kulalamia,no_usable_definitions
kulalamisha,no_usable_definitions
kutukana,no_usable_definitions
kuadimisha,no_usable_definitions
kuadimika,no_usable_definitions
kufupisha,no_usable_definitions
kususa,no_usable_definitions
kufilisi,no_usable_definitions
kuharisha,no_usable_definitions
kuadibu,no_usable_definitions
kuangua,no_usable_definitions
kubandua,no_usable_definitions
kubembeleza,no_usable_definitions
kuchafua,no_usable_definitions
kuchangamka,no_usable_definitions
kuchangamsha,no_usable_definitions
kuchota,no_usable_definitions
kuchungua,no_usable_definitions
kudunda,no_usable_definitions
kuelimisha,no_usable_definitions
kuelimika,no_usable_definitions
kuepa,no_usable_definitions
kuezeka,no_usable_definitions
kufana,no_usable_definitions
kufedhehi,no_usable_definitions
kufinya,no_usable_definitions
kufuja,no_usable_definitions
kufunda,no_usable_definitions
kufunua,no_usable_definitions
kufyata,no_usable_definitions
kugeua,no_usable_definitions
kuguna,no_usable_definitions
kugutua,no_usable_definitions
kutaifisha,no_usable_definitions
kunguruma,no_usable_definitions
kurehemu,no_usable_definitions
kukirimu,no_usable_definitions
kusitiri,no_usable_definitions
kustaajabu,no_usable_definitions
kuhangaika,no_usable_definitions
kuhurumia,no_usable_definitions
kukaripia,no_usable_definitions
kuitisha,no_usable_definitions
kuitana,no_usable_definitions
kunadhifisha,no_usable_definitions
kunadhifishia,no_usable_definitions
kunadhifishwa,no_usable_definitions
kunadhifishika,no_usable_definitions
kuzingatia,no_usable_definitions
kuamurisha,no_usable_definitions
kuamuriwa,no_usable_definitions
kuamuriana,no_usable_definitions
kuamurika,no_usable_definitions
kuamuria,no_usable_definitions
kuitika,no_usable_definitions
kukasimu,no_usable_definitions
kuasilisha,no_usable_definitions
kutabaruku,no_usable_definitions
kualifu,no_usable_definitions
kukoka,no_usable_definitions
kukema,no_usable_definitions
kukongamana,no_usable_definitions
kukongoa,no_usable_definitions
kukonyeza,no_usable_definitions
kukumba,no_usable_definitions
kumulika,no_usable_definitions
kunyunya,no_usable_definitions
kuokota,no_usable_definitions
kupakata,no_usable_definitions
kupepa,no_usable_definitions
kupeperuka,no_usable_definitions
kupokonya,no_usable_definitions
kusindikiza,no_usable_definitions
kusingizia,no_usable_definitions
kusokota,no_usable_definitions
kutaabika,no_usable_definitions
kutaabisha,no_usable_definitions
kutabahari,no_usable_definitions
kutibua,no_usable_definitions
kutumbukia,no_usable_definitions
kuwika,no_usable_definitions
kuzuka,no_usable_definitions
kukatalika,no_usable_definitions
kuchakata,no_usable_definitions
kunufaisha,no_usable_definitions
kuzuana,no_usable_definitions
angali,no_usable_definitions
samaki mkunje angali mbichi,unknown_pos
kubidhaisha,no_usable_definitions
kutemesha,no_usable_definitions
kutemeka,no_usable_definitions
kutemea,no_usable_definitions
kuramba,no_usable_definitions
kulambisha,no_usable_definitions
kulambwa,no_usable_definitions
kulambana,no_usable_definitions
kupigisha,no_usable_definitions
kurambana,no_usable_definitions
kurambwa,no_usable_definitions
kurambisha,no_usable_definitions
kuteremsha,no_usable_definitions
kuchapishwa,no_usable_definitions
kusanidi,no_usable_definitions
kutahiria,no_usable_definitions
kutahirisha,no_usable_definitions
kutahiriwa,no_usable_definitions
kutahirika,no_usable_definitions
kumomonyoa,no_usable_definitions
kumomonyolea,no_usable_definitions
kumomonyolewa,no_usable_definitions
kumomonyoka,no_usable_definitions
kurushwa,no_usable_definitions
kuhamahama,no_usable_definitions
kurejesha,no_usable_definitions
kurejewa,no_usable_definitions
kurejeana,no_usable_definitions
kurejeka,no_usable_definitions
kutangatanga,no_usable_definitions
kutangika,no_usable_definitions
kutangisha,no_usable_definitions
kutangia,no_usable_definitions
kununulisha,no_usable_definitions
kununuliwa,no_usable_definitions
kuhitimia,no_usable_definitions
kuhitimika,no_usable_definitions
kusua,no_usable_definitions
kunyolewa,no_usable_definitions
kutoboka,no_usable_definitions
kuingisha,no_usable_definitions
kukemboi,no_usable_definitions
kutumisha,no_usable_definitions
kuhiari,no_usable_definitions
kukumbia,no_usable_definitions
kukumbisha,no_usable_definitions
kukumbana,no_usable_definitions
kukumbika,no_usable_definitions
kufagia usiku kunakimbiza baraka,unknown_pos
kula gizani ni kula na shetani,unknown_pos
sumu ya neno ni neno,unknown_pos
gizani,no_usable_definitions
kuguswa,no_usable_definitions
kulipua,no_usable_definitions
Jamhuri ya Watu wa China,no_usable_definitions
tafadhali keti,unknown_pos
kudhoofika,no_usable_definitions
damshi,no_usable_definitions
kudamshi,no_usable_definitions
kukiritimba,no_usable_definitions
kuhodhi,no_usable_definitions
kufumbata,no_usable_definitions
kushitariki,no_usable_definitions
kusherehesha,no_usable_definitions
kunyanyasa,no_usable_definitions
kumaizi,no_usable_definitions
kushereheka,no_usable_definitions
penye nia pana njia,unknown_pos
kuvutana,no_usable_definitions
kusonona,no_usable_definitions
kusononea,no_usable_definitions
kusononesha,no_usable_definitions
kufadhaisha,no_usable_definitions
kufifia,no_usable_definitions
kufifisha,no_usable_definitions
kufifika,no_usable_definitions
kubofya,no_usable_definitions
kuhajiri,no_usable_definitions
kudownload,no_usable_definitions
kungojwa,no_usable_definitions
kungojeka,no_usable_definitions
kungojea,no_usable_definitions
kungojesha,no_usable_definitions
kusakini,no_usable_definitions
kuhimidi,no_usable_definitions
kuhizi,no_usable_definitions
kunadi,no_usable_definitions
kuperform,no_usable_definitions
kuyakini,no_usable_definitions
kuyakinia,no_usable_definitions
kuyakinisha,no_usable_definitions
kuyakinika,no_usable_definitions
kufumua,no_usable_definitions
kuamwa,no_usable_definitions
mwosha huoshwa,unknown_pos
kutangamana,no_usable_definitions
Ayalandi Kaskazini,no_usable_definitions
kurejelea,no_usable_definitions
kuhusishwa,no_usable_definitions
kudumishwa,no_usable_definitions
kufile,no_usable_definitions
kukimu,no_usable_definitions
kubaathi,no_usable_definitions
kunururisha,no_usable_definitions
Asia ya Kusini,no_usable_definitions
Visiwa vya Kanari,no_usable_definitions
kunyunyia,no_usable_definitions
kunyunyika,no_usable_definitions
kunyunyiza,no_usable_definitions
kuperuzi,no_usable_definitions
kuposti,no_usable_definitions
kusanifisha,no_usable_definitions
kurikodi,no_usable_definitions
kufaili,no_usable_definitions
kurekodiwa,no_usable_definitions
kukopiwa,no_usable_definitions
kukopiana,no_usable_definitions
kukopika,no_usable_definitions
kukopia,no_usable_definitions
kukosea,no_usable_definitions
kukosesha,no_usable_definitions
kukosana,no_usable_definitions
kukoseka,no_usable_definitions
kukosekana,no_usable_definitions
kudokoza,no_usable_definitions
kulundikana,no_usable_definitions
kurundikana,no_usable_definitions
marudiano,no_usable_definitions
kung'arisha,no_usable_definitions
kung'alisha,no_usable_definitions
kujichubua,no_usable_definitions
kusilimu,no_usable_definitions
kusilimia,no_usable_definitions
kusilimisha,no_usable_definitions
kusilimika,no_usable_definitions
kuvisha,no_usable_definitions
kuvishia,no_usable_definitions
kuvishwa,no_usable_definitions
kuvishana,no_usable_definitions
kuvishika,no_usable_definitions
kupoleka,no_usable_definitions
kupolea,no_usable_definitions
kupoza,no_usable_definitions
kughani,no_usable_definitions
kufuatana,no_usable_definitions
kudodosa,no_usable_definitions
kuchangua,no_usable_definitions
kudondoa,no_usable_definitions
kuhamazisha,no_usable_definitions
kunyumbua,no_usable_definitions
kustaarabika,no_usable_definitions
kustaarabisha,no_usable_definitions
kutahakiki,no_usable_definitions
ugenini,no_usable_definitions
kupeperusha,no_usable_definitions
kuakidi,no_usable_definitions
kutaanisi,no_usable_definitions
kutaanisia,no_usable_definitions
kutaanisisha,no_usable_definitions
kutaanisika,no_usable_definitions
kugeza,no_usable_definitions
kufichama,no_usable_definitions
kufichamia,no_usable_definitions
kufichamisha,no_usable_definitions
kufichamika,no_usable_definitions
kurajamisha,no_usable_definitions
kuagisha,no_usable_definitions
kuagika,no_usable_definitions
kuagia,no_usable_definitions
kuagana,no_usable_definitions
kunusuria,no_usable_definitions
kunusurisha,no_usable_definitions
kunusuriwa,no_usable_definitions
kunusurika,no_usable_definitions
kutotoa,no_usable_definitions
kuhimili,no_usable_definitions
kuhimilia,no_usable_definitions
kuhimilisha,no_usable_definitions
kuhimiliwa,no_usable_definitions
kuhimiliana,no_usable_definitions
kuhimilika,no_usable_definitions
kutathminia,no_usable_definitions
kutathminisha,no_usable_definitions
kutathminiwa,no_usable_definitions
kutathminiana,no_usable_definitions
kutathminika,no_usable_definitions
kughuri,no_usable_definitions
kutawanya,no_usable_definitions
kutawanyia,no_usable_definitions
kutawanyisha,no_usable_definitions
kutawanywa,no_usable_definitions
kutawanyana,no_usable_definitions
kutawanyika,no_usable_definitions
mtoto wa nyoka ni nyoka,unknown_pos
kuachama,no_usable_definitions
kuringa,no_usable_definitions
kutawalia,no_usable_definitions
kutawalisha,no_usable_definitions
kutawaliwa,no_usable_definitions
kutawalika,no_usable_definitions
kuzatiti,no_usable_definitions
kuchanganyia,no_usable_definitions
kuchanganyisha,no_usable_definitions
kuchanganyana,no_usable_definitions
kuchanganyika,no_usable_definitions
kuchanganywa,no_usable_definitions
kukafini,no_usable_definitions
kubamiza,no_usable_definitions
kugandia,no_usable_definitions
kugandisha,no_usable_definitions
kugandika,no_usable_definitions
kukinai,no_usable_definitions
kukinaisha,no_usable_definitions
kukinaiwa,no_usable_definitions
kukinaika,no_usable_definitions
kuchangisha,no_usable_definitions
kuchangwa,no_usable_definitions
kuchangika,no_usable_definitions
kuchangishia,no_usable_definitions
kuchangishwa,no_usable_definitions
kuchangishana,no_usable_definitions
kuchangishika,no_usable_definitions
kutabiki,no_usable_definitions
kutabikia,no_usable_definitions
kutabikisha,no_usable_definitions
kutabikika,no_usable_definitions
kuatibu,no_usable_definitions
kuatibia,no_usable_definitions
kuatibisha,no_usable_definitions
kuatibiwa,no_usable_definitions
kuatibiana,no_usable_definitions
kuatibika,no_usable_definitions
kufutiana,no_usable_definitions
kufutiwa,no_usable_definitions
kuaridhi,no_usable_definitions
kukaridhi,no_usable_definitions
kukaridhia,no_usable_definitions
kukaridhisha,no_usable_definitions
kukaridhiwa,no_usable_definitions
kukaridhika,no_usable_definitions
kuaridhisha,no_usable_definitions
kuaridhiwa,no_usable_definitions
kuaridhiana,no_usable_definitions
kuaridhika,no_usable_definitions
kufaridhi,no_usable_definitions
kufaridhia,no_usable_definitions
kufaridhisha,no_usable_definitions
kufaridhiwa,no_usable_definitions
kufaridhiana,no_usable_definitions
kufaridhika,no_usable_definitions
kufeleti,no_usable_definitions
Umoja wa Falme za Kiarabu,no_usable_definitions
kuripotia,no_usable_definitions
kuripotisha,no_usable_definitions
kuripotiana,no_usable_definitions
kuripotika,no_usable_definitions
kudhukuru,no_usable_definitions
kudhukuria,no_usable_definitions
kudhukurisha,no_usable_definitions
kudhukurika,no_usable_definitions
kudhili,no_usable_definitions
kudhilia,no_usable_definitions
kudhilisha,no_usable_definitions
kudhiliwa,no_usable_definitions
kudhiliana,no_usable_definitions
kudhilika,no_usable_definitions
kuashiriwa,no_usable_definitions
kunyonyea,no_usable_definitions
kunyonyesha,no_usable_definitions
kunyonywa,no_usable_definitions
kunyonyana,no_usable_definitions
kunyonyeka,no_usable_definitions
kudhurisha,no_usable_definitions
kudhuriwa,no_usable_definitions
kudhuriana,no_usable_definitions
kudhurika,no_usable_definitions
kujasirisha,no_usable_definitions
kujasirika,no_usable_definitions
kuhojia,no_usable_definitions
kuhalisia,no_usable_definitions
kuhalisisha,no_usable_definitions
kuhalisiwa,no_usable_definitions
kuhalisiana,no_usable_definitions
kuhalisika,no_usable_definitions
kusuhubiana,no_usable_definitions
kutakabari,no_usable_definitions
kutahayari,no_usable_definitions
kutahayaria,no_usable_definitions
kutahayarisha,no_usable_definitions
kutahayarika,no_usable_definitions
kusulubu,no_usable_definitions
kusulubia,no_usable_definitions
kusulubisha,no_usable_definitions
kusulubiwa,no_usable_definitions
kusulubiana,no_usable_definitions
kusulubika,no_usable_definitions
kutakabali,no_usable_definitions
kutakabaliwa,no_usable_definitions
kutakabalika,no_usable_definitions
kusujudu,no_usable_definitions
kusujudia,no_usable_definitions
kusujudisha,no_usable_definitions
kusujudiwa,no_usable_definitions
kusujudiana,no_usable_definitions
kusujudika,no_usable_definitions
kufaidia,no_usable_definitions
kufaidisha,no_usable_definitions
kufaidiwa,no_usable_definitions
kufaidika,no_usable_definitions
kwa kuwa,unknown_pos
kupodoa,no_usable_definitions
kupodolea,no_usable_definitions
kupodoleka,no_usable_definitions
kupodolewa,no_usable_definitions
Mbulushi,no_usable_definitions
kuwajihi,no_usable_definitions
kuwajihia,no_usable_definitions
kuwajihisha,no_usable_definitions
kuwajihika,no_usable_definitions
kufundishia,no_usable_definitions
kufumba na kufumbua,unknown_pos
kufumbisha,no_usable_definitions
kufumbwa,no_usable_definitions
kufumbana,no_usable_definitions
kufumbika,no_usable_definitions
kufumbua,no_usable_definitions
kufumbia,no_usable_definitions
kunakisi,no_usable_definitions
kuakisi,no_usable_definitions
kutandika,no_usable_definitions
kugharimia,no_usable_definitions
kugharimiwa,no_usable_definitions
kuumia,no_usable_definitions
kuchongea,no_usable_definitions
kudhabihu,no_usable_definitions
kurahisi,no_usable_definitions
kurahisisha,no_usable_definitions
kurahisika,no_usable_definitions
kurahisia,no_usable_definitions
kuaminia,no_usable_definitions
kuaminisha,no_usable_definitions
kuaminiwa,no_usable_definitions
kuaminika,no_usable_definitions
baharini,no_usable_definitions
kutawadha,no_usable_definitions
kugawadia,no_usable_definitions
mtaka cha mvunguni sharti ainame,unknown_pos
kustaftahi,no_usable_definitions
kusebeha,no_usable_definitions
kugawisha,no_usable_definitions
kugawiwa,no_usable_definitions
kugawana,no_usable_definitions
kumaka,no_usable_definitions
kukingama,no_usable_definitions
kupinduka,no_usable_definitions
kubwata,no_usable_definitions
kupenga,no_usable_definitions
kunung'unika,no_usable_definitions
kutagaa,no_usable_definitions
kuchipulia,no_usable_definitions
kuchipuza,no_usable_definitions
kuchipuka,no_usable_definitions
kukunjua,no_usable_definitions
kufanikisha,no_usable_definitions
kufanikishwa,no_usable_definitions
kuritadi,no_usable_definitions
kuritadia,no_usable_definitions
kuritadisha,no_usable_definitions
kutaradadi,no_usable_definitions
kutaradadia,no_usable_definitions
kutaradadisha,no_usable_definitions
kutaradadika,no_usable_definitions
kunasihi,no_usable_definitions
kuteleka,no_usable_definitions
kutelekea,no_usable_definitions
kukabiliwa,no_usable_definitions
kudabu,no_usable_definitions
kudabisha,no_usable_definitions
kudabiwa,no_usable_definitions
kudabiana,no_usable_definitions
kudabika,no_usable_definitions
kudaathari,no_usable_definitions
kudaatharisha,no_usable_definitions
kudaathariwa,no_usable_definitions
kudaatharika,no_usable_definitions
kushauria,no_usable_definitions
kushauriwa,no_usable_definitions
kushauriana,no_usable_definitions
kushaurika,no_usable_definitions
kuambatisha,no_usable_definitions
mbele ya,unknown_pos
mbele za,unknown_pos
kuchanwa,no_usable_definitions
darini,no_usable_definitions
kukosha,no_usable_definitions
kutoharisha,no_usable_definitions
kutoharishia,no_usable_definitions
kutoharishwa,no_usable_definitions
kutoharishana,no_usable_definitions
kutoharishika,no_usable_definitions
kupangilia,no_usable_definitions
kutimua,no_usable_definitions
kutimuliwa,no_usable_definitions
kutimuana,no_usable_definitions
kutabaradi,no_usable_definitions
kupoesha,no_usable_definitions
kuchekeka,no_usable_definitions
kuidhinishia,no_usable_definitions
kuidhinishana,no_usable_definitions
kuidhinishika,no_usable_definitions
kukerea,no_usable_definitions
kukeresha,no_usable_definitions
kukerwa,no_usable_definitions
kukerana,no_usable_definitions
kukereka,no_usable_definitions
bandiko,no_usable_definitions
kuumbua,no_usable_definitions
kukunjuka,no_usable_definitions
kudidimia,no_usable_definitions
kushajiisha,no_usable_definitions
kushajiishwa,no_usable_definitions
kushaja,no_usable_definitions
kushajisha,no_usable_definitions
kuhui,no_usable_definitions
kuhuiwa,no_usable_definitions
kuhuiana,no_usable_definitions
kuhuika,no_usable_definitions
kuhuia,no_usable_definitions
kuangika,no_usable_definitions
kujibiana,no_usable_definitions
kujibiza,no_usable_definitions
kujibizana,no_usable_definitions
kutaifishia,no_usable_definitions
kutaifishwa,no_usable_definitions
kutaifishika,no_usable_definitions
kugandama,no_usable_definitions
kulehemu,no_usable_definitions
kufungama,no_usable_definitions
kushikama,no_usable_definitions
kushikamania,no_usable_definitions
kushikamanisha,no_usable_definitions
kushikamanika,no_usable_definitions
kushikia,no_usable_definitions
kushikisha,no_usable_definitions
kushikwa,no_usable_definitions
kushikana,no_usable_definitions
kushikika,no_usable_definitions
kukesha,no_usable_definitions
kukeshea,no_usable_definitions
kukeshana,no_usable_definitions
kukesheka,no_usable_definitions
kusinzia,no_usable_definitions
kuungama,no_usable_definitions
kuingiliwa,no_usable_definitions
kuingiliana,no_usable_definitions
kuingilika,no_usable_definitions
kusemeza,no_usable_definitions
kusemezana,no_usable_definitions
kusampulisha,no_usable_definitions
kuswahilisha,no_usable_definitions
kutaraja,no_usable_definitions
kurakibu,no_usable_definitions
kukifu,no_usable_definitions
kuajiria,no_usable_definitions
kufisidi,no_usable_definitions
kufidhuli,no_usable_definitions
kusafihi,no_usable_definitions
kusihiri,no_usable_definitions
kusihiria,no_usable_definitions
kusihirisha,no_usable_definitions
kusihiriwa,no_usable_definitions
kusihiriana,no_usable_definitions
kusihirika,no_usable_definitions
kusharabu,no_usable_definitions
kusharabiwa,no_usable_definitions
kusharabika,no_usable_definitions
kusetiri,no_usable_definitions
kusanii,no_usable_definitions
kuchumbiana,no_usable_definitions
kumenyeka,no_usable_definitions
shingoni,no_usable_definitions
kutapatapa,no_usable_definitions
kutukuka,no_usable_definitions
kutukukia,no_usable_definitions
kutukukisha,no_usable_definitions
kuafu,no_usable_definitions
Lebanoni,no_usable_definitions
kusindikizia,no_usable_definitions
kusindikizisha,no_usable_definitions
kusindikizwa,no_usable_definitions
kusindikizana,no_usable_definitions
kusindikizika,no_usable_definitions
kuchezea,no_usable_definitions
kuchezesha,no_usable_definitions
kuchezewa,no_usable_definitions
kukusuru,no_usable_definitions
kukusuria,no_usable_definitions
kukusurisha,no_usable_definitions
kukusurika,no_usable_definitions
kusubiria,no_usable_definitions
kusubirisha,no_usable_definitions
kusubiriwa,no_usable_definitions
kusubiriana,no_usable_definitions
kusubirika,no_usable_definitions
kurejeshea,no_usable_definitions
kurejeshwa,no_usable_definitions
kurejeshana,no_usable_definitions
kurejesheka,no_usable_definitions
kushushia,no_usable_definitions
kushua,no_usable_definitions
kushulia,no_usable_definitions
kushuliwa,no_usable_definitions
kushulika,no_usable_definitions
kubembelea,no_usable_definitions
kupalia,no_usable_definitions
kupakana,no_usable_definitions
kupakania,no_usable_definitions
kupakanisha,no_usable_definitions
kupakanika,no_usable_definitions
kudeheni,no_usable_definitions
kutandia,no_usable_definitions
kutandwa,no_usable_definitions
kubemba,no_usable_definitions
kuzia,no_usable_definitions
kuvimbia,no_usable_definitions
kuvimbisha,no_usable_definitions
kuvimbwa,no_usable_definitions
kuvimbika,no_usable_definitions
kuvimbana,no_usable_definitions
kutona,no_usable_definitions
kukanyagwa,no_usable_definitions
kusambaratisha,no_usable_definitions
kurefusha,no_usable_definitions
kurefushia,no_usable_definitions
kurefushwa,no_usable_definitions
kurefushana,no_usable_definitions
kurefushika,no_usable_definitions
kuungulika,no_usable_definitions
kuungulia,no_usable_definitions
kumaanishia,no_usable_definitions
kumaanishwa,no_usable_definitions
kumaanishana,no_usable_definitions
kumaanishika,no_usable_definitions
kubelenga,no_usable_definitions
kubelengea,no_usable_definitions
kubelengesha,no_usable_definitions
kubelengeka,no_usable_definitions
kushindilia,no_usable_definitions
kupigilia,no_usable_definitions
kushikilia,no_usable_definitions
kuraghbisha,no_usable_definitions
kukoga,no_usable_definitions
kufedhehesha,no_usable_definitions
kuchanjiana,no_usable_definitions
kuunguza,no_usable_definitions
kukoromea,no_usable_definitions
kukoromesha,no_usable_definitions
kufukua,no_usable_definitions
kufuasa,no_usable_definitions
kumeng'enya,no_usable_definitions
kufichulia,no_usable_definitions
kufichusha,no_usable_definitions
kufichuana,no_usable_definitions
kufichuka,no_usable_definitions
kuwafiki,no_usable_definitions
kuwafikia,no_usable_definitions
kuwafikisha,no_usable_definitions
kuwafikiana,no_usable_definitions
kuwafikika,no_usable_definitions
kufiria,no_usable_definitions
kufirisha,no_usable_definitions
kufirwa,no_usable_definitions
kufirana,no_usable_definitions
kufirika,no_usable_definitions
kulalaika,no_usable_definitions
kubunia,no_usable_definitions
kubunisha,no_usable_definitions
kubuniwa,no_usable_definitions
kubuniana,no_usable_definitions
kubunika,no_usable_definitions
kushutumia,no_usable_definitions
kushutumiwa,no_usable_definitions
kushutumiana,no_usable_definitions
kushutumika,no_usable_definitions
kushuta,no_usable_definitions
kuhulu,no_usable_definitions
kutaalamika,no_usable_definitions
kukodika,no_usable_definitions
kukodiwa,no_usable_definitions
kukodia,no_usable_definitions
kutambika,no_usable_definitions
kuvamisha,no_usable_definitions
kuvamiwa,no_usable_definitions
kujaribia,no_usable_definitions
kujaribisha,no_usable_definitions
kuloga,no_usable_definitions
kulogwa,no_usable_definitions
kuhusuru,no_usable_definitions
Uskochi,no_usable_definitions
Uskoti,no_usable_definitions
kutukuza,no_usable_definitions
kulowesha,no_usable_definitions
kulowana,no_usable_definitions
kuloweka,no_usable_definitions
kuridhia,no_usable_definitions
kuridhiwa,no_usable_definitions
kubwaga,no_usable_definitions
kubwagisha,no_usable_definitions
kubwagia,no_usable_definitions
kubwagwa,no_usable_definitions
kubwagana,no_usable_definitions
kubwagika,no_usable_definitions
kusona,no_usable_definitions
kuambika,no_usable_definitions
kuambwa,no_usable_definitions
kudhihaki,no_usable_definitions
kudhihakisha,no_usable_definitions
kudhihakiwa,no_usable_definitions
mbwa abwekae haumi,unknown_pos
kubwekesha,no_usable_definitions
kuzinga,no_usable_definitions
kutanasari,no_usable_definitions
kunafidhi,no_usable_definitions
kunakshia,no_usable_definitions
kunakshiwa,no_usable_definitions
kunakshika,no_usable_definitions
kulapa,no_usable_definitions
kufuturu,no_usable_definitions
kufuturia,no_usable_definitions
kufuturisha,no_usable_definitions
chooni,no_usable_definitions
kulainisha,no_usable_definitions
kuhabarisha,no_usable_definitions
kutendesha,no_usable_definitions
mstahimilivu hula mbivu,unknown_pos
mkabala ya,unknown_pos
kusana,no_usable_definitions
kughofiri,no_usable_definitions
kughusubu,no_usable_definitions
kuchujia,no_usable_definitions
kuchujisha,no_usable_definitions
kuchujwa,no_usable_definitions
kuharamisha,no_usable_definitions
kusadifu,no_usable_definitions
kutengua,no_usable_definitions
kutazamia,no_usable_definitions
kuamili,no_usable_definitions
kuamilisha,no_usable_definitions
kunyambua,no_usable_definitions
kunyambulisha,no_usable_definitions
kuwasilia,no_usable_definitions
kuwasilisha,no_usable_definitions
kuwasilika,no_usable_definitions
kuwasiliwa,no_usable_definitions
kupasisha,no_usable_definitions
kukanyagia,no_usable_definitions
kivulini,no_usable_definitions
juani,no_usable_definitions
kuchumia,no_usable_definitions
kuadhimishia,no_usable_definitions
kuadhimishwa,no_usable_definitions
hadharani,no_usable_definitions
darasani,no_usable_definitions
Vatikani,no_usable_definitions
kukiuka,no_usable_definitions
kufuatia,no_usable_definitions
madarakani,no_usable_definitions
jangwani,no_usable_definitions
tumboni,no_usable_definitions
hatarini,no_usable_definitions
ulimwenguni,no_usable_definitions
gerezani,no_usable_definitions
mtandaoni,no_usable_definitions
Afrika ya Kati,no_usable_definitions
mavumbini,no_usable_definitions
bungeni,no_usable_definitions
mahakamani,no_usable_definitions
ziarani,no_usable_definitions
kuzungumzia,no_usable_definitions
kukwaza,no_usable_definitions
kuchimbua,no_usable_definitions
kuchimbuka,no_usable_definitions
kustihizai,no_usable_definitions
mtoni,no_usable_definitions
sebuleni,no_usable_definitions
ofisini,no_usable_definitions
afisini,no_usable_definitions
maofisini,no_usable_definitions
uzeeni,no_usable_definitions
kubanika,no_usable_definitions
kufufuka,no_usable_definitions
masikioni,no_usable_definitions
kurushia,no_usable_definitions
kudharaulia,no_usable_definitions
kudharaulisha,no_usable_definitions
kudharauliwa,no_usable_definitions
kudharaulika,no_usable_definitions
kustahi,no_usable_definitions
kustahisha,no_usable_definitions
kustahika,no_usable_definitions
kuotea,no_usable_definitions
uwanjani,no_usable_definitions
kusisimka,no_usable_definitions
mashambani,no_usable_definitions
jeshini,no_usable_definitions
usoni,no_usable_definitions
kudhanisha,no_usable_definitions
kudhaniana,no_usable_definitions
kudhanika,no_usable_definitions
kurufai,no_usable_definitions
kurishai,no_usable_definitions
kupunguzia,no_usable_definitions
kupunguzana,no_usable_definitions
kupunguziana,no_usable_definitions
kulipiwa,no_usable_definitions
kulipisha,no_usable_definitions
kulipiza,no_usable_definitions
kukolea,no_usable_definitions
kukolewa,no_usable_definitions
kukoleza,no_usable_definitions
kubobea,no_usable_definitions
kuahidia,no_usable_definitions
kuahidiwa,no_usable_definitions
kuahidiana,no_usable_definitions
kuahidika,no_usable_definitions
kusukumia,no_usable_definitions
kusukumwa,no_usable_definitions
kusukumana,no_usable_definitions
kusukumika,no_usable_definitions
mbinguni,no_usable_definitions
kujengua,no_usable_definitions
kupangua,no_usable_definitions
kusababishwa,no_usable_definitions
kurithiwa,no_usable_definitions
kukodishwa,no_usable_definitions
kusiri,no_usable_definitions
kubainika,no_usable_definitions
kubainia,no_usable_definitions
kubainiwa,no_usable_definitions
kubainiana,no_usable_definitions
kuangazia,no_usable_definitions
kuangazika,no_usable_definitions
kuungisha,no_usable_definitions
kuungika,no_usable_definitions
kuungia,no_usable_definitions
kuungwa,no_usable_definitions
kukandamizwa,no_usable_definitions
kukandamizana,no_usable_definitions
kuhafifisha,no_usable_definitions
machoni,no_usable_definitions
maishani,no_usable_definitions
utotoni,no_usable_definitions
kughafilika,no_usable_definitions
kuhudumia,no_usable_definitions
kuhudumisha,no_usable_definitions
kuhudumiwa,no_usable_definitions
kuhudumika,no_usable_definitions
Amerika ya Latini,no_usable_definitions
kudhalilishwa,no_usable_definitions
mkoani,no_usable_definitions
kufanania,no_usable_definitions
kufananisha,no_usable_definitions
kuteswa,no_usable_definitions
kuboreshwa,no_usable_definitions
mashakani,no_usable_definitions
kuunganishwa,no_usable_definitions
kubadilishwa,no_usable_definitions
kupitishwa,no_usable_definitions
kuheshimia,no_usable_definitions
kuheshimiana,no_usable_definitions
kuheshimika,no_usable_definitions
Abrahamu,no_usable_definitions
kuhesabia,no_usable_definitions
kuhesabiwa,no_usable_definitions
kuhesabiana,no_usable_definitions
kuhesabika,no_usable_definitions
kustaajabia,no_usable_definitions
kustaajabisha,no_usable_definitions
kustaajabika,no_usable_definitions
kulengwa,no_usable_definitions
kubatilishwa,no_usable_definitions
kushawishia,no_usable_definitions
kushawishiwa,no_usable_definitions
kushawishiana,no_usable_definitions
kushawishika,no_usable_definitions
kufutilia,no_usable_definitions
kutafsiria,no_usable_definitions
kutafsirisha,no_usable_definitions
kutafsiriwa,no_usable_definitions
kutafsirika,no_usable_definitions
mwezini,no_usable_definitions
mikononi,no_usable_definitions
kutajirisha,no_usable_definitions
kueneza,no_usable_definitions
kanisani,no_usable_definitions
dirishani,no_usable_definitions
kurutubishwa,no_usable_definitions
kunasua,no_usable_definitions
kudiriki,no_usable_definitions
kupelekea,no_usable_definitions
kuwajibisha,no_usable_definitions
kuuana,no_usable_definitions
kusikitishwa,no_usable_definitions
mkutanoni,no_usable_definitions
Vietnam Kusini,no_usable_definitions
Vietnam Kaskazini,no_usable_definitions
kutajia,no_usable_definitions
kutajisha,no_usable_definitions
kutajwa,no_usable_definitions
kutajana,no_usable_definitions
kutajika,no_usable_definitions
kuhofia,no_usable_definitions
kuhofisha,no_usable_definitions
kuhofiwa,no_usable_definitions
kuhofiana,no_usable_definitions
mitandaoni,no_usable_definitions
kugandishwa,no_usable_definitions
kusagisha,no_usable_definitions
kusagwa,no_usable_definitions
kusagana,no_usable_definitions
kupandikiza,no_usable_definitions
utumboni,no_usable_definitions
kuratibia,no_usable_definitions
kuratibisha,no_usable_definitions
kuratibiwa,no_usable_definitions
kuratibika,no_usable_definitions
kuimarishwa,no_usable_definitions
kuthibitishwa,no_usable_definitions
kutungisha,no_usable_definitions
kuazimisha,no_usable_definitions
kuazimwa,no_usable_definitions
kukumbwa,no_usable_definitions
mafichoni,no_usable_definitions
kubishania,no_usable_definitions
kukumbukwa,no_usable_definitions
kukumbukia,no_usable_definitions
kukopana,no_usable_definitions
kufukarisha,no_usable_definitions
kufukarika,no_usable_definitions
kumaskinika,no_usable_definitions
kumaskinisha,no_usable_definitions
kuhurisha,no_usable_definitions
kustaafisha,no_usable_definitions
kulumba,no_usable_definitions
kulumbana,no_usable_definitions
kuhitimishwa,no_usable_definitions
kuanzishwa,no_usable_definitions
kutanisha,no_usable_definitions
mlimani,no_usable_definitions
kunyongwa,no_usable_definitions
kukatishwa,no_usable_definitions
safarini,no_usable_definitions
kufilisisha,no_usable_definitions
kileleni,no_usable_definitions
wizarani,no_usable_definitions
kuelimishwa,no_usable_definitions
kutayarishwa,no_usable_definitions
kutamatisha,no_usable_definitions
kutamatika,no_usable_definitions
mguuni,no_usable_definitions
kutambuliwa,no_usable_definitions
kuhubiria,no_usable_definitions
kuhubirisha,no_usable_definitions
kuhubiriwa,no_usable_definitions
kuhubiriana,no_usable_definitions
mdomoni,no_usable_definitions
migodini,no_usable_definitions
kunyanyua,no_usable_definitions
kuvurugwa,no_usable_definitions
kutuzua,no_usable_definitions
kubahatika,no_usable_definitions
kuchakura,no_usable_definitions
kupandishwa,no_usable_definitions
kuzidisha,no_usable_definitions
kutafutwa,no_usable_definitions
kuridhishwa,no_usable_definitions
kutekea,no_usable_definitions
kufarijisha,no_usable_definitions
kufarijika,no_usable_definitions
kazini,no_usable_definitions
usingizini,no_usable_definitions
kambini,no_usable_definitions
mamlakani,no_usable_definitions
kupimia,no_usable_definitions
kupimika,no_usable_definitions
pajani,no_usable_definitions
mapajani,no_usable_definitions
uhamishoni,no_usable_definitions
kugeukia,no_usable_definitions
kutembeleana,no_usable_definitions
kupiganwa,no_usable_definitions
kusalimisha,no_usable_definitions
kuanika,no_usable_definitions
kuhangaisha,no_usable_definitions
kuhangaishwa,no_usable_definitions
kulinganishwa,no_usable_definitions
kuombea,no_usable_definitions
kuwasilishwa,no_usable_definitions
kuengua,no_usable_definitions
kuenguliwa,no_usable_definitions
vichwani,no_usable_definitions
midomoni,no_usable_definitions
kiungani,no_usable_definitions
viungani,no_usable_definitions
kuhifadhia,no_usable_definitions
kusomeshwa,no_usable_definitions
makaburini,no_usable_definitions
kudhiki,no_usable_definitions
kudhikisha,no_usable_definitions
kurambaza,no_usable_definitions
vyuoni,no_usable_definitions
kumenyesha,no_usable_definitions
kumenywa,no_usable_definitions
kumenyana,no_usable_definitions
kufyatua,no_usable_definitions
kufyatuana,no_usable_definitions
kubanisha,no_usable_definitions
kubanwa,no_usable_definitions
kukiukwa,no_usable_definitions
kusajilisha,no_usable_definitions
kusajiliwa,no_usable_definitions
kuporesha,no_usable_definitions
kuporwa,no_usable_definitions
visiwani,no_usable_definitions
kuorodheshwa,no_usable_definitions
begani,no_usable_definitions
kustarehesha,no_usable_definitions
kustareheka,no_usable_definitions
kufupishwa,no_usable_definitions
kuzeesha,no_usable_definitions
kushirikishwa,no_usable_definitions
kufadhilisha,no_usable_definitions
kufadhiliwa,no_usable_definitions
kufadhiliana,no_usable_definitions
kutenganishwa,no_usable_definitions
kurasimisha,no_usable_definitions
kukumbatiana,no_usable_definitions
uongozini,no_usable_definitions
kuapishwa,no_usable_definitions
sakafuni,no_usable_definitions
kubaidisha,no_usable_definitions
kubaidika,no_usable_definitions
kupotelea,no_usable_definitions
kufilisiwa,no_usable_definitions
kufilisika,no_usable_definitions
kufurahiwa,no_usable_definitions
kuulizwa,no_usable_definitions
kurefuka,no_usable_definitions
kujengeka,no_usable_definitions
kujadiliwa,no_usable_definitions
kulalamikia,no_usable_definitions
kushangazwa,no_usable_definitions
kupogoa,no_usable_definitions
kufananishwa,no_usable_definitions
kuhakikishia,no_usable_definitions
mkiani,no_usable_definitions
kukosolea,no_usable_definitions
kukosolewa,no_usable_definitions
kukosoana,no_usable_definitions
kukosoleka,no_usable_definitions
kupofusha,no_usable_definitions
kupofuka,no_usable_definitions
kupofushwa,no_usable_definitions
kupofukia,no_usable_definitions
kutafutia,no_usable_definitions
kutafutisha,no_usable_definitions
kuburuta,no_usable_definitions
kuburura,no_usable_definitions
kusabiki,no_usable_definitions
kutatizika,no_usable_definitions
kusalitiwa,no_usable_definitions
kusalitiana,no_usable_definitions
kusalitika,no_usable_definitions
kusalitisha,no_usable_definitions
kuponyoka,no_usable_definitions
kuhutubia,no_usable_definitions
kuhutubiwa,no_usable_definitions
kuhutubiana,no_usable_definitions
kupokonywa,no_usable_definitions
kupokonyana,no_usable_definitions
majumbani,no_usable_definitions
kugubika,no_usable_definitions
kugubikisha,no_usable_definitions
kugubikwa,no_usable_definitions
kugubikana,no_usable_definitions
kugusia,no_usable_definitions
kutiliza,no_usable_definitions
kusuluhishwa,no_usable_definitions
kusuluhishana,no_usable_definitions
kusuluhishia,no_usable_definitions
kusuluhishika,no_usable_definitions
kuhamishia,no_usable_definitions
kuhamishika,no_usable_definitions
kutulizwa,no_usable_definitions
kuthibitishia,no_usable_definitions
kutekwa,no_usable_definitions
kupotezwa,no_usable_definitions
kurushana,no_usable_definitions
kuzingatiwa,no_usable_definitions
kuraiwa,no_usable_definitions
kuropoka,no_usable_definitions
chumbani,no_usable_definitions
vituoni,no_usable_definitions
kufurusha,no_usable_definitions
kuthaminiwa,no_usable_definitions
kushtakika,no_usable_definitions
kushtakia,no_usable_definitions
kushtakiana,no_usable_definitions
kushitakia,no_usable_definitions
kushitakiwa,no_usable_definitions
kushitakiana,no_usable_definitions
kushitakika,no_usable_definitions
kulazwa,no_usable_definitions
kunyanyaswa,no_usable_definitions
kudhihirishwa,no_usable_definitions
kuwazisha,no_usable_definitions
kujumlisha,no_usable_definitions
kujengea,no_usable_definitions
kukimbizwa,no_usable_definitions
dukani,no_usable_definitions
kifuani,no_usable_definitions
kuhasiwa,no_usable_definitions
kuchekacheka,no_usable_definitions
kulialia,no_usable_definitions
kulikiza,no_usable_definitions
kuibuliwa,no_usable_definitions
kushtukiza,no_usable_definitions
Asia ya Kati,no_usable_definitions
kubusuri,no_usable_definitions
kubusurika,no_usable_definitions
kutabasuri,no_usable_definitions
kusimbua,no_usable_definitions
kusimbuliwa,no_usable_definitions
kusimba,no_usable_definitions
kusakwa,no_usable_definitions
kukisia,no_usable_definitions
kutangazia,no_usable_definitions
kutangazisha,no_usable_definitions
kutangazana,no_usable_definitions
kutangazika,no_usable_definitions
kukamilishwa,no_usable_definitions
kusainisha,no_usable_definitions
kusainiwa,no_usable_definitions
kuachishwa,no_usable_definitions
kuachiliwa,no_usable_definitions
kuchunguzia,no_usable_definitions
kuchunguzwa,no_usable_definitions
kuchunguzana,no_usable_definitions
kuchuruza,no_usable_definitions
kuchurura,no_usable_definitions
kuvumiliana,no_usable_definitions
kuoshwa,no_usable_definitions
kuitikia,no_usable_definitions
kudhihirika,no_usable_definitions
kudhulumisha,no_usable_definitions
kudhulumiwa,no_usable_definitions
kudhulumika,no_usable_definitions
kuzirai,no_usable_definitions
faraghani,no_usable_definitions
kufedheheshwa,no_usable_definitions
kuathirika,no_usable_definitions
kuchongwa,no_usable_definitions
kuchenjua,no_usable_definitions
kulaanisha,no_usable_definitions
kulaaniwa,no_usable_definitions
kulaanika,no_usable_definitions
kutokeza,no_usable_definitions
kurujumu,no_usable_definitions
kumilikisha,no_usable_definitions
kuheria,no_usable_definitions
kuchapusha,no_usable_definitions
kuchapuka,no_usable_definitions
kufusa,no_usable_definitions
kufusahi,no_usable_definitions
kuzindia,no_usable_definitions
kuzindisha,no_usable_definitions
kuzindika,no_usable_definitions
kuyumbisha,no_usable_definitions
kuyumbika,no_usable_definitions
kusabidi,no_usable_definitions
kuaminiana,no_usable_definitions
kuondokesha,no_usable_definitions
kupatanishwa,no_usable_definitions
kukadhibu,no_usable_definitions
kukadhibisha,no_usable_definitions
kukadhibiwa,no_usable_definitions
kukasirishwa,no_usable_definitions
kusongana,no_usable_definitions
mbioni,no_usable_definitions
kuoneshwa,no_usable_definitions
kuondoshwa,no_usable_definitions
kutaya,no_usable_definitions
kufutahi,no_usable_definitions
kufatiisha,no_usable_definitions
kufatiishwa,no_usable_definitions
kutikisika,no_usable_definitions
kucheleweshwa,no_usable_definitions
kupigania,no_usable_definitions
kukorofisha,no_usable_definitions
kukatiza,no_usable_definitions
kutabiriwa,no_usable_definitions
kufunzwa,no_usable_definitions
magerezani,no_usable_definitions
kuigwa,no_usable_definitions
kutetemesha,no_usable_definitions
kujumuishwa,no_usable_definitions
kukaririwa,no_usable_definitions
kutiisha,no_usable_definitions
kukamilika,no_usable_definitions
kupanuliwa,no_usable_definitions
kupanulia,no_usable_definitions
kusambazwa,no_usable_definitions
kuigizwa,no_usable_definitions
kubinya,no_usable_definitions
kuchomea,no_usable_definitions
mipakani,no_usable_definitions
milimani,no_usable_definitions
kuhudumishwa,no_usable_definitions
akilini,no_usable_definitions
kubakiza,no_usable_definitions
kuzubaa,no_usable_definitions
kutanua,no_usable_definitions
kuzubaza,no_usable_definitions
kuonyeshwa,no_usable_definitions
kukwamisha,no_usable_definitions
